"","name","ACIf","ESM","MD","NDSI","MID","FM","WE","CF","SC","SB","Tonnets","ADIm1","ADIm2","ADIm3","ADIm4","ADIm5","ADIm6","ADIm7","ADIm8","ADIm9","label","hour","zone","site","ID_SUMMARY.Q.05","ID_SUMMARY.Q.25","ID_SUMMARY.MEAN","ID_SUMMARY.MEDIAN","ID_SUMMARY.Q.75","ID_SUMMARY.Q.95","ID_SUMMARY.OBS"
"25311","/media/microp/DavidDD/bioacustica/2017/302151/20170202/13654-302151__0__20170206_192000.wav",0.8987090,0.8356438,0.3111140,0.9963694,0.000000000,0.6248127,0.049401261,0.001180627,0.4717934,0.5705195,0.3181327,0.9053138,0.9023615,0.87812567,0.73766600,0.85356696,0.3940594,0.6862801,0.80297516,0.476892399,0,19,"b","654-302151__0_",  4.569875,  5.377967,  6.087154,  6.013303,  6.688998,  7.930235,  1.000000
"25312","/media/microp/DavidDD/bioacustica/2017/302151/20170202/13654-302151__0__20170206_194000.wav",0.8968954,0.9239606,0.3257627,0.9973465,0.000000000,0.6405141,0.028094152,0.001547854,0.4647137,0.5526175,0.2358902,0.8772774,0.8176403,0.78680684,0.77124369,0.84987666,0.5619557,0.7981315,0.80052580,0.594679340,0,19,"b","654-302151__0_",  4.602125,  5.418210,  6.109702,  6.027732,  6.674089,  7.952131,  2.000000
"25313","/media/microp/DavidDD/bioacustica/2017/302151/20170202/13654-302151__0__20170206_195000.wav",0.8975838,0.8925899,0.3267402,0.9984138,0.000000000,0.6454378,0.021832499,0.003301972,0.4641257,0.5252295,0.1822363,0.8987481,0.8690416,0.77522764,0.60059171,0.76139383,0.5243628,0.7900793,0.76376858,0.567202424,0,19,"b","654-302151__0_",  4.591656,  5.408870,  6.097233,  6.023809,  6.670003,  7.930235,  3.000000
"25314","/media/microp/DavidDD/bioacustica/2017/302151/20170202/13654-302151__0__20170206_200000.wav",0.8980087,0.9512775,0.3248578,0.9985743,0.000000000,0.6540579,0.020121765,0.001887629,0.4612449,0.4938499,0.2263579,0.9145747,0.9165134,0.86322967,0.71960639,0.78188491,0.3813183,0.8213615,0.76368221,0.631750978,0,20,"b","654-302151__0_",  4.598733,  5.412338,  6.100120,  6.020945,  6.659606,  7.945667,  4.000000
"25315","/media/microp/DavidDD/bioacustica/2017/302151/20170202/13654-302151__0__20170206_201000.wav",0.8965365,0.9095767,0.3230852,0.9977786,0.000000000,0.6302763,0.026043392,0.001681532,0.4586237,0.5276764,0.1456652,0.9051633,0.8305078,0.84660644,0.70055944,0.77958661,0.4243532,0.7959253,0.73434555,0.594098641,0,20,"b","654-302151__0_",  4.602125,  5.418210,  6.102163,  6.026668,  6.670003,  7.930235,  5.000000
"25316","/media/microp/DavidDD/bioacustica/2017/302151/20170202/13654-302151__0__20170206_203000.wav",0.8974894,0.9405243,0.3286480,0.9981007,0.000000000,0.6383200,0.024040766,0.001599673,0.4543914,0.5227715,0.1857604,0.9415869,0.7988242,0.83730504,0.72976189,0.72743608,0.5002910,0.8297051,0.72695712,0.657597519,0,20,"b","654-302151__0_",  4.602125,  5.419616,  6.106219,  6.027732,  6.672989,  7.945667,  6.000000
"25317","/media/microp/DavidDD/bioacustica/2017/302151/20170202/13654-302151__0__20170206_204000.wav",0.8977169,0.9282568,0.3359515,0.9974477,0.000000000,0.6594262,0.026396168,0.001674668,0.4542727,0.5587924,0.2527017,0.9466341,0.8404703,0.87910738,0.79383287,0.79106679,0.6099085,0.8251337,0.69370408,0.673762067,0,20,"b","654-302151__0_",  4.598733,  5.418210,  6.103691,  6.026668,  6.672989,  7.945667,  7.000000
"25318","/media/microp/DavidDD/bioacustica/2017/302151/20170202/13654-302151__0__20170206_205000.wav",0.8981242,0.8566889,0.3247083,0.9975024,0.000000000,0.6592559,0.024486369,0.001615057,0.4534098,0.5225233,0.4288024,0.9128779,0.8534588,0.85182540,0.75842528,0.77812777,0.5179393,0.7916297,0.71758276,0.677023863,0,20,"b","654-302151__0_",  4.598733,  5.414201,  6.107852,  6.032899,  6.675510,  7.945667,  8.000000
"25319","/media/microp/DavidDD/bioacustica/2017/302151/20170202/13654-302151__0__20170206_210000.wav",0.8959113,0.9441380,0.3297264,0.9973903,0.000000000,0.6485286,0.026307815,0.001537447,0.4460343,0.5323099,0.3044697,0.9190556,0.7537878,0.88570884,0.69499025,0.75059255,0.6641829,0.8067182,0.67024884,0.698193253,0,21,"b","654-302151__0_",  4.562421,  5.391981,  6.068006,  6.003778,  6.653350,  7.930235,  9.000000
"25320","/media/microp/DavidDD/bioacustica/2017/302151/20170202/13654-302151__0__20170206_211000.wav",0.8957241,0.9353462,0.3212276,0.9982908,0.033742331,0.6428870,0.022175050,0.001471455,0.4417274,0.4849111,0.5808774,0.9488022,0.8573221,0.80135499,0.70996936,0.70936674,0.4831338,0.8319881,0.66295286,0.736815108,0,21,"b","654-302151__0_",  4.598733,  5.419616,  6.105950,  6.034632,  6.672989,  7.930533, 10.000000
"25321","/media/microp/DavidDD/bioacustica/2017/302151/20170202/13654-302151__0__20170206_212000.wav",0.8963962,0.9116060,0.3397623,0.9958299,0.018404908,0.6563773,0.038274664,0.001631592,0.4375295,0.5868640,0.5460995,0.9365198,0.8184471,0.80620593,0.75894255,0.75644209,0.5520264,0.7833524,0.71195702,0.848975847,0,21,"b","654-302151__0_",  4.597126,  5.419616,  6.105967,  6.032998,  6.674089,  7.945667, 11.000000
"25322","/media/microp/DavidDD/bioacustica/2017/302151/20170202/13654-302151__0__20170206_213000.wav",0.8957018,0.9337050,0.3407030,0.9982707,0.000000000,0.6617032,0.020750088,0.001517153,0.4436343,0.5235690,0.1988138,0.9015976,0.8089721,0.77761889,0.72247960,0.78312462,0.7520026,0.8024660,0.72362930,0.864356414,0,21,"b","654-302151__0_",  4.602125,  5.415934,  6.099937,  6.020945,  6.659606,  7.945667, 12.000000
"25323","/media/microp/DavidDD/bioacustica/2017/302151/20170202/13654-302151__0__20170206_214000.wav",0.8952850,0.9349130,0.3417200,0.9987011,0.000000000,0.6675838,0.014445809,0.001898517,0.4424712,0.4831797,0.2624509,0.9467633,0.9132215,0.85511941,0.78706494,0.81462424,0.7074921,0.7995717,0.78924044,0.898737454,0,21,"b","654-302151__0_",  4.602125,  5.414201,  6.103694,  6.026668,  6.672989,  7.945667, 13.000000
"25324","/media/microp/DavidDD/bioacustica/2017/302151/20170202/13654-302151__0__20170206_215000.wav",0.8954478,0.9194770,0.3450493,0.9984045,0.000000000,0.6618301,0.018551793,0.001667478,0.4417116,0.5227764,0.2883123,0.9255153,0.9367189,0.88474238,0.76442716,0.78432009,0.7683494,0.8167248,0.69610156,0.881100288,0,21,"b","654-302151__0_",  4.598733,  5.418210,  6.103293,  6.026668,  6.670003,  7.945667, 14.000000
"25325","/media/microp/DavidDD/bioacustica/2017/302151/20170202/13654-302151__0__20170206_220000.wav",0.8958739,0.8931088,0.3411552,0.9988090,0.000000000,0.6680703,0.017395726,0.003827509,0.4394285,0.4972150,0.2935749,0.9441690,0.8916689,0.85239953,0.74822478,0.81582142,0.6689607,0.7662884,0.62400095,0.866120644,0,22,"b","654-302151__0_",  4.602125,  5.419616,  6.105825,  6.027732,  6.672989,  7.945667, 15.000000
"25326","/media/microp/DavidDD/bioacustica/2017/302151/20170202/13654-302151__0__20170206_221000.wav",0.8980776,0.9379974,0.3455262,0.9984836,0.000000000,0.6759581,0.019385490,0.001763071,0.4356954,0.5127879,0.4900568,0.8879476,0.8979124,0.88744894,0.79945597,0.77838537,0.6297519,0.8169216,0.62192004,0.879593114,0,22,"b","654-302151__0_",  4.591656,  5.414201,  6.097161,  6.019339,  6.670003,  7.952131, 16.000000
"25327","/media/microp/DavidDD/bioacustica/2017/302151/20170202/13654-302151__0__20170206_223000.wav",0.8969270,0.9279300,0.3392986,0.9990122,0.000000000,0.6602569,0.017226348,0.001939391,0.4325735,0.4809988,0.1413991,0.9666597,0.8426186,0.76962585,0.79109336,0.78915812,0.6338202,0.7625137,0.64774343,0.910617315,0,22,"b","654-302151__0_",  4.598733,  5.414201,  6.096966,  6.023809,  6.659606,  7.929732, 17.000000
"25328","/media/microp/DavidDD/bioacustica/2017/302151/20170202/13654-302151__0__20170206_230000.wav",0.8955331,0.9538782,0.3515472,0.9985966,0.003067485,0.6437136,0.025475495,0.012532399,0.4326499,0.5419903,0.3622252,0.8578818,0.8225246,0.81456314,0.77967140,0.72595618,0.7830953,0.7405409,0.50184567,0.833975275,0,23,"b","654-302151__0_",  4.514630,  5.377017,  6.068031,  6.008253,  6.655864,  7.952131, 18.000000
"25329","/media/microp/DavidDD/bioacustica/2017/302151/20170202/13654-302151__0__20170206_235000.wav",0.8971383,0.9453269,0.4068065,0.9990432,0.006134969,0.6498125,0.022481527,0.002506887,0.4211675,0.5095968,0.9853447,0.9261474,0.9340712,0.86138611,0.80861679,0.74942318,0.7598762,0.7838450,0.55277987,0.907580578,0,23,"b","654-302151__0_",  4.366399,  5.271280,  5.988187,  5.958131,  6.617243,  7.945667, 19.000000
"25330","/media/microp/DavidDD/bioacustica/2017/302151/20170202/13654-302151__0__20170212_005001.wav",0.8927065,0.9204774,0.6558165,0.9897192,0.092015557,0.6552949,0.089288566,0.000805058,0.4182990,0.7938451,0.6805989,0.8604368,0.7465114,0.82692433,0.76827370,0.65143246,0.7067347,0.7507922,0.88233858,0.900563939,0, 0,"b","654-302151__0_",  3.521531,  4.050279,  4.565257,  4.510705,  4.991150,  5.823196, 20.000000
"25331","/media/microp/DavidDD/bioacustica/2017/302151/20170202/13654-302151__0__20170212_010000.wav",0.8956632,0.9397309,0.6432223,0.9870767,0.046012270,0.6312028,0.054202660,0.002885181,0.4010739,0.7721272,0.7443366,0.7580310,0.6893907,0.85722043,0.74920295,0.54004437,0.7524537,0.6913123,0.83398228,0.887818693,0, 1,"b","654-302151__0_",  3.520663,  4.050279,  4.560024,  4.487629,  4.977738,  5.810909, 21.000000
"25332","/media/microp/DavidDD/bioacustica/2017/302151/20170202/13654-302151__0__20170212_040000.wav",0.8916071,0.9612628,0.5200301,0.9149005,0.196319018,0.6721140,0.341365053,0.002353149,0.4041319,0.8967289,0.5714310,0.8713853,0.9069937,0.86739558,0.75774005,0.86526749,0.7875519,0.7697491,0.89866184,0.951287560,0, 4,"b","654-302151__0_",  4.031733,  5.144584,  5.878108,  5.929557,  6.557365,  7.726512, 22.000000
"25333","/media/microp/DavidDD/bioacustica/2017/302151/20170202/13654-302151__0__20170212_042004.wav",0.8766058,0.9499888,0.5292321,0.9238403,0.134189355,0.6779751,0.334198468,0.000269167,0.4009407,0.8948594,0.5372867,0.9284017,0.8939087,0.88179189,0.77303739,0.83691446,0.7716496,0.8640210,0.92995026,0.959005473,0, 4,"b","654-302151__0_",  4.032601,  5.162660,  5.885359,  5.940415,  6.557893,  7.729352, 23.000000
"25334","/media/microp/DavidDD/bioacustica/2017/302151/20170202/13654-302151__0__20170212_045000.wav",0.8918803,0.9570464,0.4530805,0.8141665,0.174846626,0.6793539,0.322930921,0.001104198,0.3921289,0.8985734,0.5767706,0.8845135,0.8812879,0.83301376,0.77084780,0.83684707,0.8156627,0.6751124,0.86694174,0.946696124,0, 4,"b","654-302151__0_",  4.032601,  5.139274,  5.865578,  5.915969,  6.545036,  7.651212, 24.000000
"25335","/media/microp/DavidDD/bioacustica/2017/302151/20170202/13654-302151__0__20170212_050000.wav",0.8910604,0.9735445,0.4739735,0.8466278,0.159509202,0.6823368,0.363249913,0.000353810,0.3948961,0.9154257,0.5566787,0.9208650,0.9010004,0.90111095,0.74943081,0.84091055,0.8080753,0.9059423,0.87152512,0.934660366,0, 5,"b","654-302151__0_",  4.031733,  5.139832,  5.880103,  5.936410,  6.557893,  7.729352, 25.000000
"25336","/media/microp/DavidDD/bioacustica/2017/302151/20170202/13654-302151__0__20170212_052000.wav",0.8903556,0.8718725,0.4357877,0.8209196,0.205521472,0.6749120,0.503208286,0.001324512,0.4040568,0.9331026,0.5232435,0.9352762,0.9250106,0.84065810,0.75557937,0.83328286,0.8540487,0.8850619,0.83932604,0.918536210,0, 5,"b","654-302151__0_",  4.032601,  5.121041,  5.854977,  5.905966,  6.547667,  7.609474, 26.000000
"25337","/media/microp/DavidDD/bioacustica/2017/302151/20170202/13654-302151__0__20170212_054000.wav",0.8897301,0.9326334,0.4124869,0.5520919,0.358895706,0.6620958,0.135772564,0.003449393,0.3753242,0.9167705,0.5794338,0.6707549,0.1811461,0.61045100,0.67405799,0.81828639,0.8180779,0.8584172,0.87063490,0.880480066,0, 5,"b","654-302151__0_",  4.253942,  5.214136,  5.890474,  5.885481,  6.561397,  7.567756, 27.000000
"25338","/media/microp/DavidDD/bioacustica/2017/302151/20170202/13654-302151__0__20170212_061000.wav",0.8897277,0.9554695,0.4148603,0.5615193,0.361963190,0.6498343,0.173732267,0.002504964,0.3678444,0.9107529,0.6016208,0.7853810,0.3367042,0.61049219,0.53430821,0.61052487,0.7970083,0.7641947,0.83424896,0.842996333,0, 6,"b","654-302151__0_",  4.268602,  5.226706,  5.906385,  5.899538,  6.570069,  7.577191, 28.000000
"25339","/media/microp/DavidDD/bioacustica/2017/302151/20170202/13654-302151__0__20170212_063000.wav",0.8891750,0.9577858,0.4287642,0.4411882,0.150306748,0.6506928,0.177649868,0.000705589,0.3642025,0.9296378,0.5631234,0.8039670,0.7385121,0.59229073,0.64050737,0.73024032,0.6985955,0.8619623,0.85905453,0.902422531,0, 6,"b","654-302151__0_",  4.302487,  5.386624,  6.010017,  5.996634,  6.717407,  7.666698, 29.000000
"25340","/media/microp/DavidDD/bioacustica/2017/302151/20170202/13654-302151__0__20170212_070000.wav",0.8878775,0.9557984,0.4257189,0.4812937,0.162576687,0.6555363,0.122865150,0.001626090,0.3631477,0.9366785,0.6260016,0.8919092,0.3195715,0.33129817,0.61470487,0.77967236,0.7634597,0.8573008,0.82462841,0.901311136,0, 7,"b","654-302151__0_",  4.218898,  5.212625,  5.891446,  5.881744,  6.564636,  7.598586, 30.000000
"25341","/media/microp/DavidDD/bioacustica/2017/302151/20170202/13654-302151__0__20170212_074000.wav",0.8896711,0.8722205,0.3745879,0.8224127,0.791411043,0.6001005,0.070839186,0.018660934,0.3370152,0.8226939,0.5896643,0.8177904,0.1965748,0.12161936,0.20436761,0.06741768,0.3654036,0.6237507,0.77097582,0.725296029,0, 7,"b","654-302151__0_",  4.367214,  5.226782,  5.885387,  5.876565,  6.513416,  7.485279, 31.000000
"25342","/media/microp/DavidDD/bioacustica/2017/302151/20170202/13654-302151__0__20170212_075000.wav",0.8873001,0.7164530,0.4127916,0.5053031,0.426380368,0.6459045,0.291126443,0.009910958,0.3796045,0.9324362,0.5866658,0.7854173,0.4973324,0.31700137,0.60082336,0.75247995,0.6506155,0.7100099,0.40437546,0.421924211,0, 7,"b","654-302151__0_",  4.477032,  5.500729,  6.177438,  6.189776,  6.804723,  7.895897, 32.000000
"25343","/media/microp/DavidDD/bioacustica/2017/302151/20170202/13654-302151__0__20170212_081000.wav",0.8871125,0.8454178,0.3662673,0.4496053,0.030674847,0.6701839,0.117701666,0.011755960,0.3370761,0.7959072,0.5681172,0.6909903,0.4720337,0.58490885,0.55407880,0.57977343,0.5865549,0.6418453,0.64346689,0.639505268,0, 8,"b","654-302151__0_",  4.670307,  5.588273,  6.233902,  6.218604,  6.851192,  7.895897, 33.000000
"25344","/media/microp/DavidDD/bioacustica/2017/302151/20170202/13654-302151__0__20170212_084000.wav",0.9027625,0.4806323,0.3331152,0.7822930,0.033742331,0.6928842,0.168522376,0.004600529,0.4553549,0.8341140,0.5483266,0.8233231,0.7436307,0.63669124,0.74100445,0.76641617,0.5463405,0.7362370,0.20516381,0.096042880,0, 8,"b","654-302151__0_",  4.824240,  5.669733,  6.304457,  6.263779,  6.864234,  7.961917, 34.000000
"25345","/media/microp/DavidDD/bioacustica/2017/302151/20170202/13654-302151__0__20170212_090000.wav",0.9066829,0.3822568,0.2920982,0.9517690,0.000000000,0.7182456,0.064703613,0.002299390,0.5121804,0.6892767,0.5194605,0.8666125,0.8630199,0.60565715,0.67765981,0.77756226,0.6112961,0.5185256,0.15825598,0.089497783,0, 9,"b","654-302151__0_",  4.744882,  5.626866,  6.253181,  6.210766,  6.847956,  7.927080, 35.000000
"25346","/media/microp/DavidDD/bioacustica/2017/302151/20170202/13654-302151__0__20170212_091000.wav",0.9180600,0.4217992,0.2764540,0.9510748,0.000000000,0.7557448,0.058399072,0.001833058,0.5701174,0.5388882,0.4626960,0.8109892,0.5391773,0.64861419,0.76196087,0.83021778,0.7699383,0.6707076,0.54055440,0.526234990,0, 9,"b","654-302151__0_",  4.697490,  5.625673,  6.253341,  6.232070,  6.853986,  7.915166, 36.000000
"25347","/media/microp/DavidDD/bioacustica/2017/302151/20170202/13654-302151__0__20170212_093000.wav",0.9211723,0.3706323,0.2189325,0.9943289,0.000000000,0.7917045,0.036413273,0.030025957,0.6518693,0.3640232,0.4061242,0.9009479,0.6148883,0.03536547,0.06770745,0.70465214,0.8056742,0.5692941,0.71816859,0.792953697,0, 9,"b","654-302151__0_",  4.432298,  5.425714,  6.084486,  6.054323,  6.723672,  7.882167, 37.000000
"25348","/media/microp/DavidDD/bioacustica/2017/302151/20170202/13654-302151__0__20170212_100000.wav",0.9053605,0.4180300,0.2812005,0.9010168,0.000000000,0.7186113,0.069014213,0.005093552,0.5266299,0.6024914,0.5103267,0.7681382,0.6862770,0.72766607,0.69204146,0.69714067,0.6822126,0.6137559,0.34499873,0.241982607,0,10,"b","654-302151__0_",  4.882226,  5.694990,  6.325801,  6.271982,  6.875364,  7.961917, 38.000000
"25349","/media/microp/DavidDD/bioacustica/2017/302151/20170202/13654-302151__0__20170212_101000.wav",0.8961507,0.4472134,0.2849542,0.8747025,0.000000000,0.6678018,0.075450534,0.002806581,0.4929014,0.6854863,0.5420224,0.7422963,0.6638346,0.60431767,0.64592615,0.72624931,0.7931268,0.5080852,0.24959484,0.131991205,0,10,"b","654-302151__0_",  4.907566,  5.702301,  6.334367,  6.281990,  6.884494,  7.961917, 39.000000
"25350","/media/microp/DavidDD/bioacustica/2017/302151/20170202/13654-302151__0__20170212_105000.wav",0.9111826,0.4331839,0.2674113,0.9432556,0.000000000,0.7254467,0.053602335,0.003032763,0.5799302,0.5334673,0.4563631,0.8303017,0.3801528,0.34945366,0.27897681,0.84295150,0.7951288,0.6395717,0.23477221,0.116559545,0,10,"b","654-302151__0_",  4.740696,  5.629095,  6.258751,  6.230712,  6.849367,  7.915166, 40.000000
"25351","/media/microp/DavidDD/bioacustica/2017/302151/20170202/13654-302151__0__20170212_110000.wav",0.8919911,0.5222603,0.3422174,0.3934971,0.457055215,0.6649630,0.180381234,0.002502847,0.4022915,0.8421144,0.5536840,0.7724359,0.3321771,0.53192226,0.73571015,0.63941180,0.7478901,0.6872036,0.50471374,0.341165097,0,11,"b","654-302151__0_",  4.476290,  5.524526,  6.172274,  6.181513,  6.794913,  7.878258, 41.000000
"25352","/media/microp/DavidDD/bioacustica/2017/302151/20170202/13654-302151__0__20170212_111000.wav",0.9036614,0.4496668,0.2669713,0.8883459,0.000000000,0.7190257,0.054381155,0.002208757,0.5419042,0.5567145,0.4698586,0.8507971,0.7847373,0.77794159,0.79695707,0.78221993,0.7885629,0.6724916,0.26570366,0.126732047,0,11,"b","654-302151__0_",  4.838708,  5.683514,  6.317743,  6.271204,  6.875364,  7.961917, 42.000000
"25353","/media/microp/DavidDD/bioacustica/2017/302151/20170202/13654-302151__0__20170212_112000.wav",0.8979511,0.4442329,0.2797959,0.8707051,0.000000000,0.6856124,0.070746131,0.012181513,0.5005714,0.6546838,0.5022956,0.7542868,0.5274756,0.55898110,0.54522720,0.54369087,0.6303878,0.5766622,0.22684389,0.058510127,0,11,"b","654-302151__0_",  4.910801,  5.706049,  6.337355,  6.286194,  6.890187,  7.961917, 43.000000
"25354","/media/microp/DavidDD/bioacustica/2017/302151/20170202/13654-302151__0__20170212_115000.wav",0.9025977,0.4342187,0.2687999,0.9459721,0.000000000,0.7121064,0.061832481,0.003213368,0.5643871,0.5907653,0.4652799,0.8632858,0.6562576,0.62469677,0.12121028,0.26676126,0.8558161,0.6158044,0.13956487,0.003192713,0,11,"b","654-302151__0_",  4.750619,  5.668082,  6.287619,  6.266341,  6.861866,  7.927080, 44.000000
"25355","/media/microp/DavidDD/bioacustica/2017/302151/20170202/13654-302151__0__20170212_123000.wav",0.8855917,0.6811225,0.3725889,0.5527567,0.000000000,0.6438084,0.156842660,0.018836647,0.4066658,0.8809192,0.5747209,0.8233301,0.7293472,0.63708739,0.58180738,0.47652895,0.4947514,0.3433707,0.34179969,0.340001992,0,12,"b","654-302151__0_",  4.895158,  5.693197,  6.328998,  6.274408,  6.861866,  7.953668, 45.000000
"25356","/media/microp/DavidDD/bioacustica/2017/302151/20170202/13654-302151__0__20170212_141000.wav",0.8875834,0.8428480,0.4243752,0.5614880,0.171779141,0.6723403,0.562061497,0.001313563,0.4442335,0.9655102,0.5618917,0.8883075,0.6251139,0.82218707,0.79400866,0.80645630,0.6184087,0.7677771,0.71734984,0.738366244,0,14,"b","654-302151__0_",  4.438490,  5.481892,  6.139948,  6.106532,  6.797181,  7.872142, 46.000000
"25357","/media/microp/DavidDD/bioacustica/2017/302151/20170202/13654-302151__0__20170212_142000.wav",0.9021565,0.4204122,0.3215528,0.9378650,0.000000000,0.6912360,0.058715848,0.002104556,0.5070430,0.7859637,0.5059051,0.9309216,0.7488793,0.84208909,0.84754743,0.88052568,0.8556084,0.7148220,0.21801978,0.032308803,0,14,"b","654-302151__0_",  4.719647,  5.612186,  6.250984,  6.220567,  6.847956,  7.915166, 47.000000
"25358","/media/microp/DavidDD/bioacustica/2017/302151/20170202/13654-302151__0__20170212_150000.wav",0.8886720,0.6540103,0.2463714,0.6366965,0.000000000,0.6550955,0.043668460,0.326427432,0.4292933,0.6900528,0.5374012,0.3125048,0.3202747,0.29252989,0.26736008,0.24718382,0.3413920,0.3987764,0.26037544,0.176475096,0,15,"b","654-302151__0_",  4.824240,  5.650261,  6.282984,  6.234330,  6.848080,  7.953668, 48.000000
"25359","/media/microp/DavidDD/bioacustica/2017/302151/20170202/13654-302151__0__20170212_181000.wav",0.8880640,0.9351037,0.3625897,0.7101169,0.134969325,0.6805726,0.112429574,0.010016043,0.3578738,0.7456367,0.5526393,0.7586116,0.7453781,0.77805630,0.79368518,0.70986232,0.7297141,0.8324813,0.73816501,0.771963545,0,18,"b","654-302151__0_",  4.448341,  5.445933,  6.098453,  6.094893,  6.781284,  7.694453, 49.000000
"25360","/media/microp/DavidDD/bioacustica/2017/302151/20170202/13654-302151__0__20170212_183000.wav",0.8911562,0.8857197,0.3588960,0.7568648,0.000000000,0.6757781,0.036488478,0.030486776,0.4104657,0.6004146,0.5132976,0.7780605,0.7280082,0.74839373,0.75543322,0.76940194,0.8337108,0.7822325,0.81620653,0.726720845,0,18,"b","654-302151__0_",  4.326645,  5.383702,  6.053919,  6.027879,  6.740819,  7.775051, 50.000000
"25361","/media/microp/DavidDD/bioacustica/2017/302151/20170202/13654-302151__0__20170212_184000.wav",0.8926459,0.9439119,0.4688385,0.9900023,0.000000000,0.6683698,0.024371760,0.011007905,0.4216563,0.5101716,0.4316912,0.8132173,0.7720163,0.77854369,0.81806295,0.74038588,0.8877408,0.8297318,0.75903636,0.532562308,0,18,"b","654-302151__0_",  4.291566,  5.337395,  6.004442,  5.982515,  6.702377,  7.726502, 51.000000
"25362","/media/microp/DavidDD/bioacustica/2017/302151/20170202/13654-302151__0__20170212_185000.wav",0.8932839,0.7855602,0.4573711,0.9938093,0.000000000,0.6720617,0.025185193,0.010487189,0.4192705,0.4720755,0.4781843,0.8453838,0.6520982,0.79376660,0.81116022,0.81961560,0.7864274,0.7430784,0.77991738,0.678905155,0,18,"b","654-302151__0_",  4.227711,  5.334220,  6.009931,  5.983787,  6.718656,  7.733420, 52.000000
"25363","/media/microp/DavidDD/bioacustica/2017/302151/20170202/13654-302151__0__20170212_193000.wav",0.8967576,0.9019135,0.6975822,0.9993714,0.000000000,0.6169200,0.014616243,0.003473484,0.4566373,0.4367823,0.2686097,0.8179235,0.7584699,0.77704493,0.76768949,0.80753249,0.7349023,0.7477342,0.78751376,0.777844258,0,19,"b","654-302151__0_",  3.572305,  4.120318,  4.680963,  4.580406,  5.126513,  6.037042, 53.000000
"25364","/media/microp/DavidDD/bioacustica/2017/302151/20170202/13654-302151__0__20170212_194000.wav",0.8969185,0.9256486,0.7165001,0.9989234,0.000000000,0.6005614,0.016554126,0.003323580,0.4550481,0.4529750,0.1605305,0.7384446,0.6282385,0.79162669,0.71688492,0.81851949,0.7140640,0.7280309,0.79019369,0.825664670,0,19,"b","654-302151__0_",  3.572305,  4.110178,  4.648458,  4.558906,  5.099820,  5.894464, 54.000000
"25365","/media/microp/DavidDD/bioacustica/2017/302151/20170202/13654-302151__0__20170212_195000.wav",0.8978600,0.9277872,0.7284271,0.9975635,0.000000000,0.5889723,0.018285307,0.002576956,0.4482627,0.4459516,0.4331508,0.7104211,0.5063434,0.76883029,0.80218521,0.80442547,0.7115982,0.7845623,0.84271753,0.837561949,0,19,"b","654-302151__0_",  3.564087,  4.104119,  4.612479,  4.551570,  5.042755,  5.848253, 55.000000
"25366","/media/microp/DavidDD/bioacustica/2017/302151/20170202/13654-302151__0__20170212_200000.wav",0.8970570,0.9368194,0.7426571,0.9966114,0.000000000,0.5827659,0.020610949,0.002804864,0.4473701,0.4753393,0.2860527,0.6838207,0.4989270,0.74854127,0.79924624,0.81013094,0.8039089,0.7552916,0.77831574,0.791130688,0,20,"b","654-302151__0_",  3.564087,  4.104119,  4.615132,  4.550484,  5.051490,  5.848253, 56.000000
"25367","/media/microp/DavidDD/bioacustica/2017/302151/20170202/13654-302151__0__20170212_201000.wav",0.8971479,0.9254869,0.7383195,0.9961314,0.000000000,0.5836278,0.023344706,0.002346941,0.4446236,0.4862366,0.2721395,0.6405993,0.4069908,0.72073607,0.79132607,0.77964378,0.7790717,0.7396447,0.84104009,0.871164490,0,20,"b","654-302151__0_",  3.568810,  4.105247,  4.618210,  4.551570,  5.063527,  5.850449, 57.000000
"25368","/media/microp/DavidDD/bioacustica/2017/302151/20170202/13654-302151__0__20170212_204000.wav",0.8976333,0.9093405,0.7471319,0.9917546,0.021472393,0.5995034,0.030185727,0.002349923,0.4304828,0.5550941,0.3559419,0.7712088,0.6396299,0.79134384,0.87070831,0.71518610,0.6815394,0.7944933,0.79854215,0.846994165,0,20,"b","654-302151__0_",  3.568810,  4.104119,  4.627359,  4.553020,  5.060608,  5.871725, 58.000000
"25369","/media/microp/DavidDD/bioacustica/2017/302151/20170202/13654-302151__0__20170212_210000.wav",0.8981128,0.9257066,0.6969742,0.9945221,0.000000000,0.5902340,0.024577620,0.002333078,0.4323973,0.5253551,0.8540933,0.7240649,0.5074216,0.76961139,0.77284009,0.68965206,0.7453519,0.8411831,0.78122650,0.863650879,0,21,"b","654-302151__0_",  3.521531,  4.046210,  4.545878,  4.498032,  4.964566,  5.749367, 59.000000
"25370","/media/microp/DavidDD/bioacustica/2017/302151/20170202/13654-302151__0__20170212_211000.wav",0.8973521,0.8891954,0.7016548,0.9895978,0.024539877,0.5911471,0.032455962,0.002053842,0.4197647,0.5306435,0.8228965,0.6719890,0.5043079,0.73504685,0.75446079,0.68836457,0.7706317,0.8372579,0.82580752,0.920991035,0,21,"b","654-302151__0_",  3.522948,  4.041865,  4.508785,  4.473222,  4.915293,  5.627230, 60.000000
"25371","/media/microp/DavidDD/bioacustica/2017/302151/20170202/13654-302151__0__20170212_212000.wav",0.8985846,0.9431352,0.6923266,0.9861560,0.049079755,0.5861707,0.033244702,0.002583383,0.4155810,0.5437314,0.4365923,0.6613733,0.4786814,0.66654307,0.78477468,0.69323594,0.8031079,0.8243671,0.85574554,0.919875316,0,21,"b","654-302151__0_",  3.569574,  4.112055,  4.660424,  4.580971,  5.117299,  5.952091, 61.000000
"25372","/media/microp/DavidDD/bioacustica/2017/302151/20170202/13654-302151__0__20170212_213000.wav",0.8967107,0.9137917,0.6619896,0.9781233,0.153374233,0.5733128,0.034504069,0.004705597,0.3992175,0.5490306,0.6089309,0.7437004,0.5299592,0.66080566,0.60707247,0.69485801,0.7463767,0.8247236,0.76556625,0.606179935,0,21,"b","654-302151__0_",  3.596228,  4.145579,  4.781683,  4.621680,  5.239056,  6.621783, 62.000000
"25373","/media/microp/DavidDD/bioacustica/2017/302151/20170202/13654-302151__0__20170212_214000.wav",0.8962177,0.9262133,0.7227002,0.9925733,0.122699387,0.5867290,0.032709959,0.002532474,0.4131468,0.5924550,0.6955788,0.7558398,0.5766487,0.73245227,0.61667007,0.70782529,0.7647472,0.8796195,0.84529295,0.892708635,0,21,"b","654-302151__0_",  3.522948,  4.040657,  4.500171,  4.467900,  4.914563,  5.573557, 63.000000
"25374","/media/microp/DavidDD/bioacustica/2017/302151/20170202/13654-302151__0__20170212_215000.wav",0.8965211,0.9461896,0.7390369,0.9872334,0.150306748,0.5856032,0.036001892,0.002145159,0.4066241,0.6167495,0.5549972,0.7476767,0.6147328,0.74013609,0.64144014,0.70467511,0.7622354,0.8527666,0.81939383,0.919636400,0,21,"b","654-302151__0_",  3.526326,  4.047783,  4.542591,  4.507649,  4.957771,  5.727534, 64.000000
"25375","/media/microp/DavidDD/bioacustica/2017/302151/20170202/13654-302151__0__20170212_220000.wav",0.8981419,0.9072206,0.7392344,0.9782667,0.128834356,0.5998758,0.050437574,0.001657675,0.4079862,0.6485973,0.5163763,0.7559517,0.6154283,0.75757627,0.73380302,0.69053546,0.7678550,0.8441835,0.76669356,0.895323700,0,22,"b","654-302151__0_",  3.560677,  4.089658,  4.611643,  4.534258,  5.030274,  5.858060, 65.000000
"25376","/media/microp/DavidDD/bioacustica/2017/302151/20170202/13654-302151__0__20170212_221000.wav",0.8981592,0.9198145,0.7598135,0.9802718,0.128834356,0.6139759,0.065145223,0.001364956,0.4166751,0.6858064,0.7661658,0.6876559,0.5185581,0.79290556,0.82738214,0.70877939,0.7318368,0.8430728,0.77347367,0.905617438,0,22,"b","654-302151__0_",  3.521531,  4.036226,  4.499464,  4.466719,  4.910865,  5.573557, 66.000000
"25377","/media/microp/DavidDD/bioacustica/2017/302151/20170202/13654-302151__0__20170212_222000.wav",0.8968627,0.9366862,0.7168821,0.9872146,0.119631902,0.6194102,0.061958474,0.001651358,0.4137677,0.6713321,0.4847546,0.6833603,0.5474201,0.74657726,0.81416437,0.71728610,0.7150955,0.8421515,0.76099394,0.864123465,0,22,"b","654-302151__0_",  3.560677,  4.089658,  4.599959,  4.533322,  5.016047,  5.836910, 67.000000
"25378","/media/microp/DavidDD/bioacustica/2017/302151/20170202/13654-302151__0__20170212_223000.wav",0.8973641,0.9437552,0.7395843,0.9928982,0.104294479,0.6227223,0.069815478,0.001149094,0.4239639,0.6989727,0.7838057,0.7427343,0.6375379,0.79599322,0.77698458,0.74628385,0.7764748,0.8083161,0.73664474,0.904499132,0,22,"b","654-302151__0_",  3.505877,  4.032970,  4.477873,  4.458857,  4.895588,  5.543403, 68.000000
"25379","/media/microp/DavidDD/bioacustica/2017/302151/20170202/13654-302151__0__20170212_224000.wav",0.8967014,0.9352619,0.7472445,0.9892192,0.104294479,0.6216993,0.070867488,0.004742354,0.4192868,0.7117656,0.7415498,0.7456753,0.6058165,0.83707654,0.75427058,0.73794932,0.7787599,0.8346372,0.76862929,0.929803509,0,22,"b","654-302151__0_",  3.521531,  4.034652,  4.484448,  4.460078,  4.895850,  5.548750, 69.000000
"25380","/media/microp/DavidDD/bioacustica/2017/302151/20170202/13654-302151__0__20170212_230000.wav",0.8958553,0.9475063,0.7195520,0.9797538,0.159509202,0.6062235,0.082642612,0.001249602,0.4097380,0.7143555,0.4628939,0.7308998,0.5260114,0.74842324,0.72499993,0.68594886,0.8069684,0.8010511,0.73843047,0.899569739,0,23,"b","654-302151__0_",  3.560677,  4.104119,  4.636426,  4.543161,  5.076942,  5.946717, 70.000000
"25381","/media/microp/DavidDD/bioacustica/2017/302151/20170202/13654-302151__0__20170212_232000.wav",0.8949700,0.9484872,0.7294460,0.9949880,0.116564417,0.6099469,0.057626914,0.002794480,0.4181046,0.6909727,0.3212052,0.7860189,0.6101666,0.68571568,0.69439644,0.70657998,0.7679983,0.8094323,0.85229850,0.920776400,0,23,"b","654-302151__0_",  3.586612,  4.177356,  4.812772,  4.703780,  5.375162,  6.459505, 71.000000
"25382","/media/microp/DavidDD/bioacustica/2017/302151/20170202/13654-302151__0__20170212_233000.wav",0.8947928,0.9409099,0.7149369,0.9953910,0.119631902,0.6143700,0.058273340,0.003506209,0.4142655,0.6941784,0.3162026,0.7988964,0.6186071,0.77243423,0.67365018,0.72775885,0.8092700,0.7812241,0.87453746,0.867700459,0,23,"b","654-302151__0_",  3.600673,  4.192520,  4.821273,  4.717494,  5.395577,  6.394063, 72.000000
"25383","/media/microp/DavidDD/bioacustica/2017/302151/20170202/13654-302151__0__20170212_234000.wav",0.8946938,0.9519639,0.7043772,0.9957482,0.110429448,0.6209531,0.052852542,0.001322668,0.4164350,0.7162004,0.2938610,0.8535846,0.7436897,0.77481775,0.66918715,0.73706398,0.8277459,0.8697208,0.86996652,0.910750606,0,23,"b","654-302151__0_",  3.600673,  4.192520,  4.819102,  4.716263,  5.393654,  6.394063, 73.000000
"25384","/media/microp/DavidDD/bioacustica/2017/302151/20170202/13654-302151__0__20170212_235000.wav",0.8954705,0.9445130,0.7148887,0.9951574,0.119631902,0.6266757,0.062066928,0.002464056,0.4170870,0.7220734,0.2813666,0.9023097,0.7301842,0.84989540,0.66131561,0.70367172,0.8293300,0.8596673,0.84373946,0.912045735,0,23,"b","654-302151__0_",  3.596126,  4.192520,  4.824316,  4.715361,  5.399167,  6.398750, 74.000000
"25385","/media/microp/DavidDD/bioacustica/2017/302151/20170202/13654-302151__0__20170213_000000.wav",0.8943307,0.8658685,0.6912249,0.9942293,0.116564417,0.6289947,0.079622587,0.001000662,0.4218294,0.7524455,0.3602779,0.9208895,0.7823385,0.81564545,0.69845479,0.72907899,0.8433275,0.8151895,0.80024169,0.942250547,0, 0,"b","654-302151__0_",  3.600673,  4.195233,  4.832443,  4.717494,  5.399167,  6.459505, 75.000000
"25386","/media/microp/DavidDD/bioacustica/2017/302151/20170202/13654-302151__0__20170213_001000.wav",0.8945310,0.8033664,0.7083625,0.9946865,0.134969325,0.6212513,0.057282115,0.001664594,0.4175160,0.7337912,0.3105831,0.8867640,0.6629896,0.81307889,0.58362444,0.71343954,0.8191710,0.8121860,0.75923879,0.878190794,0, 0,"b","654-302151__0_",  3.608913,  4.215451,  4.895696,  4.770402,  5.457658,  6.615986, 76.000000
"25387","/media/microp/DavidDD/bioacustica/2017/302151/20170202/13654-302151__0__20170213_002000.wav",0.8935795,0.9507113,0.6816961,0.9946359,0.141104294,0.6201425,0.048038863,0.001715825,0.4155515,0.7592041,0.4889113,0.8902323,0.8575438,0.86263735,0.54406049,0.71635408,0.8616807,0.7306644,0.81372479,0.899508124,0, 0,"b","654-302151__0_",  5.107364,  5.778487,  6.417752,  6.331828,  6.944739,  8.040204, 77.000000
"25388","/media/microp/DavidDD/bioacustica/2017/302151/20170202/13654-302151__0__20170213_003000.wav",0.8929430,0.9338055,0.7093707,0.9934550,0.147239264,0.6245245,0.050203378,0.001361377,0.4178408,0.7839534,0.6241465,0.9020136,0.8316258,0.85984537,0.53196700,0.76353059,0.8551213,0.7736104,0.86940589,0.859651464,0, 0,"b","654-302151__0_",  4.672501,  5.626022,  6.244897,  6.228200,  6.837128,  7.977588, 78.000000
"25389","/media/microp/DavidDD/bioacustica/2017/302151/20170202/13654-302151__0__20170213_004000.wav",0.8927637,0.9451325,0.7165399,0.9941521,0.147239264,0.6300518,0.048000347,0.002069472,0.4213562,0.7856137,0.4077313,0.9439037,0.9186786,0.89087250,0.53966924,0.74677820,0.8711411,0.7608228,0.80514917,0.881429170,0, 0,"b","654-302151__0_",  5.105633,  5.768379,  6.409383,  6.315550,  6.936454,  8.039618, 79.000000
"25390","/media/microp/DavidDD/bioacustica/2017/302151/20170202/13654-302151__0__20170213_005000.wav",0.8924104,0.9397502,0.6873435,0.9921038,0.150306748,0.6321388,0.047534106,0.001021747,0.4200597,0.8058099,0.4756066,0.8849848,0.8049222,0.90586635,0.51315365,0.74727233,0.8618288,0.8178507,0.78691641,0.906788711,0, 0,"b","654-302151__0_",  5.107364,  5.770495,  6.414065,  6.325103,  6.942456,  8.039618, 80.000000
"25391","/media/microp/DavidDD/bioacustica/2017/302151/20170202/13654-302151__0__20170213_010000.wav",0.8940381,0.9345855,0.6939409,0.9923199,0.147239264,0.6384686,0.049989325,0.002472167,0.4206744,0.7763940,0.4299977,0.8648846,0.8631753,0.84411764,0.53409237,0.82040943,0.7901964,0.7651202,0.64942798,0.775899781,0, 1,"b","654-302151__0_",  4.894902,  5.735478,  6.373508,  6.310160,  6.939393,  8.039618, 81.000000
"25392","/media/microp/DavidDD/bioacustica/2017/302151/20170202/13654-302151__0__20170213_011000.wav",0.8924291,0.9675105,0.6918253,0.9833528,0.150306748,0.6494687,0.048498029,0.002254095,0.4138239,0.8296608,0.4404033,0.9149766,0.7634641,0.84109300,0.55300381,0.77309127,0.8444739,0.8008093,0.82338689,0.892465884,0, 1,"b","654-302151__0_",  5.042685,  5.762368,  6.400105,  6.310844,  6.928163,  8.039618, 82.000000
"25393","/media/microp/DavidDD/bioacustica/2017/302151/20170202/13654-302151__0__20170213_012000.wav",0.8931840,0.9426238,0.7208457,0.9894926,0.144171779,0.6409566,0.044283833,0.001872502,0.4218996,0.8223862,0.6136266,0.8827936,0.8356145,0.85071555,0.51359945,0.74399359,0.7979814,0.8021970,0.81007134,0.893473681,0, 1,"b","654-302151__0_",  4.631616,  5.586901,  6.227024,  6.190256,  6.824117,  7.974663, 83.000000
"25394","/media/microp/DavidDD/bioacustica/2017/302151/20170202/13654-302151__0__20170213_013000.wav",0.8947616,0.9729010,0.7270697,0.9917884,0.024539877,0.6553711,0.069778166,0.000907766,0.4265053,0.8235598,0.6610046,0.9478364,0.9020491,0.90172804,0.69177865,0.81431436,0.8197137,0.8059971,0.89796467,0.911670778,0, 1,"b","654-302151__0_",  4.397918,  5.415934,  6.096262,  6.053023,  6.718209,  7.970106, 84.000000
"25395","/media/microp/DavidDD/bioacustica/2017/302151/20170202/13654-302151__0__20170213_014000.wav",0.8930664,0.8930745,0.6860555,0.9920261,0.128834356,0.6119992,0.068454366,0.007338170,0.4164164,0.7545678,0.4610832,0.7638893,0.6435797,0.53566092,0.49931190,0.67497675,0.7348875,0.6302377,0.50947748,0.600449104,0, 1,"b","654-302151__0_",  3.995131,  5.006912,  5.848776,  5.878814,  6.603350,  7.776038, 85.000000
"25396","/media/microp/DavidDD/bioacustica/2017/302151/20170202/13654-302151__0__20170213_015000.wav",0.8937997,0.9420877,0.7506275,0.9912727,0.125766871,0.6431864,0.062276415,0.001292939,0.4191717,0.8131565,0.4704400,0.9015913,0.8672801,0.89206212,0.67138919,0.71630859,0.8378564,0.8002080,0.87410698,0.941836289,0, 1,"b","654-302151__0_",  4.602125,  5.419616,  6.106219,  6.027732,  6.672989,  7.945667, 86.000000
"25397","/media/microp/DavidDD/bioacustica/2017/302151/20170202/13654-302151__0__20170213_020000.wav",0.8954834,0.9459382,0.7355816,0.9807036,0.070552147,0.6606509,0.118655849,0.000728777,0.4146903,0.8313011,0.5158191,0.8067865,0.8830224,0.86830748,0.71919858,0.71446501,0.8514097,0.8560856,0.86568738,0.921509432,0, 2,"b","654-302151__0_",  4.597126,  5.421629,  6.102245,  6.027732,  6.670003,  7.945667, 87.000000
"25398","/media/microp/DavidDD/bioacustica/2017/302151/20170202/13654-302151__0__20170213_021000.wav",0.8946240,0.9504861,0.7409192,0.9839156,0.116564417,0.6558455,0.131261109,0.000416566,0.4221324,0.8380181,0.4704934,0.9158043,0.8749133,0.86567875,0.72306692,0.68452519,0.8633792,0.8186908,0.84082851,0.948006991,0, 2,"b","654-302151__0_",  4.602125,  5.419616,  6.106219,  6.027732,  6.672989,  7.945667, 88.000000
"25399","/media/microp/DavidDD/bioacustica/2017/302151/20170202/13654-302151__0__20170213_024000.wav",0.8932509,0.9656290,0.7423181,0.9875841,0.131901840,0.6418787,0.107052604,0.003247976,0.4178622,0.8291162,0.4830018,0.9514338,0.8744481,0.77412704,0.67027291,0.67762506,0.8291153,0.7874124,0.86446299,0.913627822,0, 2,"b","654-302151__0_",  4.602125,  5.419616,  6.106219,  6.027732,  6.672989,  7.945667, 89.000000
"25400","/media/microp/DavidDD/bioacustica/2017/302151/20170202/13654-302151__0__20170213_025000.wav",0.8935528,0.8288521,0.7303723,0.9879904,0.131901840,0.6472379,0.116852364,0.000463848,0.4213419,0.8340519,0.4695065,0.9441808,0.9061539,0.85505367,0.65043719,0.69964972,0.8258560,0.8142507,0.89880852,0.947101114,0, 2,"b","654-302151__0_",  4.597126,  5.415934,  6.100445,  6.023809,  6.672989,  7.945667, 90.000000
"25401","/media/microp/DavidDD/bioacustica/2017/302151/20170202/13654-302151__0__20170213_030000.wav",0.8944405,0.9619364,0.7258225,0.9788354,0.085889571,0.6579648,0.171056026,0.001461624,0.4188046,0.8527864,0.4392930,0.9374806,0.8664493,0.85127728,0.75066485,0.68657071,0.8299333,0.8443214,0.89204011,0.947135325,0, 3,"b","654-302151__0_",  4.598733,  5.418210,  6.102925,  6.026668,  6.670003,  7.945667, 91.000000
"25402","/media/microp/DavidDD/bioacustica/2017/302151/20170202/13654-302151__0__20170213_031000.wav",0.8946349,0.9627705,0.7399294,0.9734112,0.141104294,0.6565525,0.210014091,0.001905846,0.4184693,0.8612787,0.4919038,0.9592608,0.6659565,0.86108604,0.67705761,0.68068172,0.8715417,0.7934283,0.91026918,0.940989574,0, 3,"b","654-302151__0_",  4.579018,  5.400709,  6.093693,  6.023809,  6.672989,  7.952131, 92.000000
"25403","/media/microp/DavidDD/bioacustica/2017/302151/20170202/13654-302151__0__20170213_032000.wav",0.8933158,0.9045305,0.7767461,0.9674254,0.150306748,0.6610638,0.231586635,0.000585108,0.4224804,0.8865222,0.4917360,0.9193872,0.8776286,0.83587928,0.79298862,0.69182841,0.8465518,0.8250328,0.90771244,0.917482047,0, 3,"b","654-302151__0_",  4.602125,  5.415934,  6.101925,  6.020945,  6.672989,  7.945667, 93.000000
"25404","/media/microp/DavidDD/bioacustica/2017/302151/20170202/13654-302151__0__20170213_034000.wav",0.8937186,0.9190477,0.7063810,0.9512695,0.144171779,0.6629921,0.236937714,0.001025739,0.4128358,0.8858611,0.5059400,0.8521651,0.8621456,0.79130847,0.68704626,0.77197580,0.8336708,0.8230880,0.82737490,0.860568738,0, 3,"b","654-302151__0_",  4.593326,  5.412338,  6.092615,  6.018190,  6.659606,  7.930235, 94.000000
"25405","/media/microp/DavidDD/bioacustica/2017/302151/20170202/13654-302151__0__20170213_035000.wav",0.8928258,0.7756794,0.7584830,0.9572510,0.187116564,0.6564986,0.237681207,0.000415246,0.4181610,0.9004440,0.4990722,0.9403063,0.8704466,0.82927750,0.68574185,0.78326701,0.8512792,0.8714909,0.90131534,0.921008918,0, 3,"b","654-302151__0_",  4.508502,  5.396359,  6.080934,  6.013517,  6.675510,  7.945667, 95.000000
"25406","/media/microp/DavidDD/bioacustica/2017/302151/20170202/13654-302151__0__20170213_041000.wav",0.8927509,0.9809162,0.6368345,0.9776700,0.125766871,0.6647372,0.120283396,0.000366799,0.3978683,0.8399504,0.4990729,0.9319335,0.8660432,0.85805272,0.59328423,0.74009645,0.8644453,0.9194259,0.92691973,0.948519095,0, 4,"b","654-302151__0_",  4.570109,  5.408870,  6.089741,  6.027732,  6.674089,  7.945667, 96.000000
"25407","/media/microp/DavidDD/bioacustica/2017/302151/20170202/13654-302151__0__20170213_042000.wav",0.8934633,0.9744356,0.5651804,0.9662388,0.082822086,0.6744046,0.165987210,0.000422763,0.4031968,0.8557368,0.4987994,0.9097828,0.9154940,0.92136014,0.79169969,0.68320119,0.8497959,0.8371254,0.88492928,0.942095235,0, 4,"b","654-302151__0_",  4.591656,  5.415934,  6.085254,  6.016312,  6.652649,  7.930235, 97.000000
"25408","/media/microp/DavidDD/bioacustica/2017/302151/20170202/13654-302151__0__20170213_043000.wav",0.8925407,0.9235817,0.6099409,0.9807790,0.073619632,0.6633469,0.142941739,0.001670305,0.4007888,0.8175959,0.4583693,0.9448466,0.8855566,0.91837313,0.73782945,0.72745861,0.8129130,0.8327012,0.77319565,0.790757212,0, 4,"b","654-302151__0_",  4.559813,  5.358545,  6.061379,  5.991288,  6.653350,  7.932896, 98.000000
"25409","/media/microp/DavidDD/bioacustica/2017/302151/20170202/13654-302151__0__20170213_044000.wav",0.8923049,0.9644221,0.5738481,0.9731230,0.095092025,0.6584236,0.160882829,0.000323823,0.4024500,0.8347166,0.5606499,0.8981591,0.9061722,0.89469085,0.67906642,0.63383244,0.8471951,0.8077472,0.87784609,0.938794959,0, 4,"b","654-302151__0_",  4.562421,  5.391981,  6.067485,  6.014633,  6.649446,  7.924331, 99.000000
"25410","/media/microp/DavidDD/bioacustica/2017/302151/20170202/13654-302151__0__20170213_045000.wav",0.8922264,0.5848561,0.4413617,0.9535767,0.070552147,0.6756171,0.200499094,0.000442902,0.3959503,0.8430470,0.5226224,0.9028637,0.9233300,0.89639013,0.79528744,0.71703612,0.8438745,0.8080557,0.88261156,0.896791479,0, 4,"b","654-302151__0_",  4.480828,  5.372270,  6.012945,  5.969966,  6.668644,  7.669363,100.000000
"25411","/media/microp/DavidDD/bioacustica/2017/302151/20170202/13654-302151__0__20170213_050000.wav",0.8913941,0.7569181,0.4149060,0.9409156,0.138036810,0.6688368,0.236262391,0.000362590,0.3933985,0.8471015,0.5422315,0.8638899,0.8639515,0.80961767,0.67074470,0.71758903,0.8347175,0.8174914,0.88969658,0.933546230,0, 5,"b","654-302151__0_",  4.502018,  5.411008,  6.038820,  5.991911,  6.688998,  7.696842,101.000000
"25412","/media/microp/DavidDD/bioacustica/2017/302151/20170202/13654-302151__0__20170213_051000.wav",0.8918965,0.8157891,0.4319533,0.9165067,0.021472393,0.6752034,0.194738347,0.010404546,0.3859186,0.8446694,0.5797723,0.7979378,0.7464312,0.65204835,0.39503869,0.72050825,0.8701610,0.7555956,0.77918067,0.712786812,0, 5,"b","654-302151__0_",  4.403119,  5.443304,  6.041306,  6.026477,  6.709141,  7.692765,102.000000
"25413","/media/microp/DavidDD/bioacustica/2017/302151/20170202/13654-302151__0__20170213_052000.wav",0.8913893,0.9305525,0.4207995,0.9478839,0.079754601,0.6723308,0.269987921,0.001417926,0.3976669,0.8535977,0.4774458,0.8962810,0.8367057,0.64238800,0.67266934,0.76443048,0.8414462,0.8072672,0.88890328,0.915855423,0, 5,"b","654-302151__0_",  4.535033,  5.436927,  6.056503,  6.032957,  6.690399,  7.622571,103.000000
"25414","/media/microp/DavidDD/bioacustica/2017/302151/20170202/13654-302151__0__20170213_053000.wav",0.8904602,0.8874990,0.4181354,0.9489079,0.119631902,0.6660743,0.281466751,0.000572467,0.3982146,0.8620219,0.5214569,0.9102685,0.8244476,0.59843268,0.65291816,0.75425413,0.8353835,0.8160050,0.85827875,0.890839131,0, 5,"b","654-302151__0_",  4.514119,  5.431312,  6.048344,  6.025340,  6.675619,  7.666698,104.000000
"25415","/media/microp/DavidDD/bioacustica/2017/302151/20170202/13654-302151__0__20170213_054000.wav",0.8902239,0.9374689,0.4266651,0.9424728,0.171779141,0.6662853,0.297135908,0.001866616,0.3968105,0.8730393,0.5300629,0.9291409,0.9216864,0.67328601,0.72033858,0.78799693,0.8725328,0.8239297,0.91913959,0.934158975,0, 5,"b","654-302151__0_",  4.533908,  5.449060,  6.060704,  6.034279,  6.690399,  7.669363,105.000000
"25416","/media/microp/DavidDD/bioacustica/2017/302151/20170202/13654-302151__0__20170213_055000.wav",0.8911959,0.5682431,0.4087140,0.8477129,0.082822086,0.6642943,0.243683976,0.001557495,0.3807247,0.8636848,0.6527447,0.8205191,0.7755215,0.73642020,0.71396733,0.73746582,0.7986620,0.7804407,0.90547822,0.852891817,0, 5,"b","654-302151__0_",  4.478179,  5.383159,  6.017101,  5.984382,  6.675619,  7.618146,106.000000
"25417","/media/microp/DavidDD/bioacustica/2017/302151/20170202/13654-302151__0__20170213_060000.wav",0.8901293,0.9735480,0.4397012,0.8446472,0.245398773,0.6622388,0.336351495,0.002325291,0.3890303,0.8876693,0.5023107,0.8443445,0.7545769,0.71853292,0.73158632,0.76296412,0.8446187,0.7747616,0.85948088,0.880157088,0, 6,"b","654-302151__0_",  4.537567,  5.454190,  6.073305,  6.060478,  6.709751,  7.666698,107.000000
"25418","/media/microp/DavidDD/bioacustica/2017/302151/20170202/13654-302151__0__20170213_061000.wav",0.8899154,0.9303837,0.4081302,0.7935753,0.223926380,0.6419294,0.205852342,0.001771685,0.3776973,0.8831101,0.5437232,0.8379171,0.5231921,0.44943276,0.44987126,0.60870598,0.7834622,0.6693582,0.67921115,0.778194146,0, 6,"b","654-302151__0_",  4.377140,  5.209343,  5.874589,  5.875016,  6.517571,  7.479365,108.000000
"25419","/media/microp/DavidDD/bioacustica/2017/302151/20170202/13654-302151__0__20170213_062000.wav",0.8905684,0.9582292,0.4273010,0.8190749,0.469325153,0.6459149,0.311321745,0.000209657,0.3858709,0.9016274,0.5698855,0.8909112,0.7321322,0.48695843,0.55423231,0.72718832,0.7937760,0.7137243,0.81174257,0.869694703,0, 6,"b","654-302151__0_",  4.379856,  5.238193,  5.905821,  5.892653,  6.528874,  7.577191,109.000000
"25420","/media/microp/DavidDD/bioacustica/2017/302151/20170202/13654-302151__0__20170213_064000.wav",0.8892560,0.8905982,0.4221559,0.5856842,0.177914110,0.6490802,0.243794513,0.001959643,0.3777376,0.9190451,0.6131028,0.7825785,0.6183785,0.35610586,0.51279519,0.68176657,0.7817889,0.7040328,0.82699846,0.701092582,0, 6,"b","654-302151__0_",  4.310989,  5.235317,  5.907818,  5.914152,  6.561397,  7.567756,110.000000
"25421","/media/microp/DavidDD/bioacustica/2017/302151/20170202/13654-302151__0__20170213_065000.wav",0.8899958,0.9461569,0.4419434,0.5216737,0.159509202,0.6604154,0.207205736,0.000988848,0.3727361,0.9292691,0.5888352,0.7750763,0.7451203,0.80573939,0.55616698,0.78008670,0.7827354,0.8254092,0.77237539,0.902213901,0, 6,"b","654-302151__0_",  4.379525,  5.403277,  6.048010,  6.050455,  6.739929,  7.666698,111.000000
"25422","/media/microp/DavidDD/bioacustica/2017/302151/20170202/13654-302151__0__20170213_070000.wav",0.8886864,0.9332012,0.4038114,0.6261236,0.481595092,0.6332785,0.132875766,0.009676077,0.3634306,0.8897199,0.5920084,0.7499371,0.3066240,0.31701104,0.14663675,0.44629873,0.5508722,0.6523018,0.73589120,0.875110243,0, 7,"b","654-302151__0_",  4.388430,  5.218684,  5.877271,  5.874047,  6.513416,  7.481195,112.000000
"25423","/media/microp/DavidDD/bioacustica/2017/302151/20170202/13654-302151__0__20170213_071000.wav",0.8888756,0.8838559,0.3831664,0.5088788,0.579754601,0.6015715,0.134574574,0.004126521,0.3584957,0.8781216,0.6057177,0.6073987,0.2245855,0.30440420,0.43833680,0.52794650,0.2526242,0.3382081,0.30132637,0.679443266,0, 7,"b","654-302151__0_",  4.377590,  5.215635,  5.852362,  5.851416,  6.482200,  7.433296,113.000000
"25424","/media/microp/DavidDD/bioacustica/2017/302151/20170202/13654-302151__0__20170213_072000.wav",0.8878743,0.9034189,0.4152689,0.3892698,0.524539877,0.6260053,0.079988588,0.001035852,0.3664808,0.9053714,0.6465677,0.6621725,0.2418387,0.36360901,0.52977831,0.71727852,0.6536329,0.7062456,0.77262511,0.885735010,0, 7,"b","654-302151__0_",  4.268602,  5.218684,  5.896499,  5.888937,  6.561397,  7.567756,114.000000
"25425","/media/microp/DavidDD/bioacustica/2017/302151/20170202/13654-302151__0__20170213_073000.wav",0.8895498,0.7963330,0.4242981,0.5979969,0.199386503,0.6253612,0.337093587,0.000985053,0.3899457,0.9290737,0.5830856,0.7510468,0.6784270,0.70606859,0.68264616,0.79902073,0.6589935,0.6989777,0.31964016,0.571562132,0, 7,"b","654-302151__0_",  4.794092,  5.703524,  6.314465,  6.284543,  6.888348,  7.974865,115.000000
"25426","/media/microp/DavidDD/bioacustica/2017/302151/20170202/13654-302151__0__20170213_074000.wav",0.8883992,0.9596025,0.4206933,0.2797470,0.352760736,0.6330743,0.061587782,0.001255101,0.3583849,0.8944104,0.6260285,0.8168019,0.1991476,0.44486257,0.65521152,0.82826769,0.6425830,0.7851387,0.85749570,0.927684565,0, 7,"b","654-302151__0_",  4.253942,  5.218684,  5.897361,  5.884199,  6.564636,  7.591757,116.000000
"25427","/media/microp/DavidDD/bioacustica/2017/302151/20170202/13654-302151__0__20170213_075000.wav",0.8893905,0.5339855,0.3893906,0.6588331,0.223926380,0.6203617,0.240335214,0.003542792,0.3899630,0.9150237,0.6262535,0.8419893,0.4238064,0.33136544,0.63423484,0.51215785,0.3795010,0.4454423,0.34198017,0.284308220,0, 7,"b","654-302151__0_",  4.808879,  5.658112,  6.305894,  6.271384,  6.880981,  7.974865,117.000000
"25428","/media/microp/DavidDD/bioacustica/2017/302151/20170202/13654-302151__0__20170213_081000.wav",0.8887557,0.8630513,0.4030388,0.5482278,0.592024540,0.6306684,0.125803163,0.004798821,0.3777506,0.9064002,0.6147244,0.8684618,0.2342008,0.24796878,0.46102981,0.29820989,0.1235949,0.6628954,0.78112749,0.896636798,0, 8,"b","654-302151__0_",  4.388430,  5.236104,  5.885592,  5.875016,  6.513416,  7.481195,118.000000
"25429","/media/microp/DavidDD/bioacustica/2017/302151/20170202/13654-302151__0__20170213_082000.wav",0.8884956,0.9123983,0.4034353,0.6107700,0.794478528,0.6254679,0.114399029,0.008106109,0.3850334,0.8899641,0.5830378,0.8914232,0.2459173,0.26923224,0.37528073,0.45624935,0.6599071,0.7332990,0.70771396,0.681235309,0, 8,"b","654-302151__0_",  4.390033,  5.236104,  5.883232,  5.876055,  6.513416,  7.481195,119.000000
"25430","/media/microp/DavidDD/bioacustica/2017/302151/20170202/13654-302151__0__20170213_083000.wav",0.8885000,0.8992647,0.4168509,0.4883087,0.411042945,0.6521713,0.171342766,0.004179092,0.3839406,0.8882523,0.5668198,0.7307472,0.3934993,0.40345438,0.67017067,0.71250443,0.7769862,0.6762073,0.71011346,0.727904326,0, 8,"b","654-302151__0_",  4.274382,  5.246641,  5.919134,  5.918364,  6.578521,  7.577191,120.000000
"25431","/media/microp/DavidDD/bioacustica/2017/302151/20170202/13654-302151__0__20170213_084000.wav",0.8939680,0.5815912,0.3408162,0.8476621,0.542944785,0.6469989,0.060154226,0.062530804,0.4345048,0.7667650,0.5448155,0.8521045,0.4583234,0.05264261,0.16395896,0.40129117,0.4986888,0.6723982,0.35281987,0.239187215,0, 8,"b","654-302151__0_",  4.459903,  5.401992,  6.062112,  6.035841,  6.720205,  7.824193,121.000000
"25432","/media/microp/DavidDD/bioacustica/2017/302151/20170202/13654-302151__0__20170213_085000.wav",0.8951189,0.5663129,0.3727567,0.7545489,0.147239264,0.6571069,0.139602135,0.020547997,0.4395130,0.7970571,0.5432674,0.8496092,0.3834577,0.37976812,0.60064962,0.77832098,0.7947315,0.7164591,0.41745312,0.359974777,0, 8,"b","654-302151__0_",  4.998860,  5.764770,  6.395483,  6.348976,  6.920812,  7.995093,122.000000
"25433","/media/microp/DavidDD/bioacustica/2017/302151/20170202/13654-302151__0__20170213_091000.wav",0.8867664,0.7721177,0.4012293,0.4501026,0.309815951,0.6482367,0.283421696,0.003870110,0.3883756,0.8865805,0.5586537,0.7958024,0.6815916,0.59555627,0.77012759,0.84383701,0.7310357,0.4529898,0.74019118,0.585469566,0, 9,"b","654-302151__0_",  4.569621,  5.555186,  6.191312,  6.187109,  6.816451,  7.872142,123.000000
"25434","/media/microp/DavidDD/bioacustica/2017/302151/20170202/13654-302151__0__20170213_092000.wav",0.9112703,0.4248798,0.3132730,0.9434627,0.000000000,0.7322817,0.077030803,0.001611261,0.5640921,0.5582122,0.4653593,0.7382702,0.3838880,0.75449246,0.75651427,0.73441863,0.6862905,0.7330329,0.65052337,0.685944701,0, 9,"b","654-302151__0_",  4.671676,  5.598717,  6.228033,  6.212575,  6.847956,  7.874980,124.000000
"25435","/media/microp/DavidDD/bioacustica/2017/302151/20170202/13654-302151__0__20170213_093000.wav",0.9064794,0.6342208,0.2882850,0.8480451,0.000000000,0.7045589,0.091090664,0.024854522,0.5122043,0.6371588,0.5148362,0.7087968,0.2211247,0.62067843,0.12872723,0.28043881,0.6820656,0.6960183,0.62771780,0.543740221,0, 9,"b","654-302151__0_",  4.685511,  5.626198,  6.256639,  6.234330,  6.840182,  7.940555,125.000000
"25436","/media/microp/DavidDD/bioacustica/2017/302151/20170202/13654-302151__0__20170213_094000.wav",0.9110702,0.4261730,0.2916013,0.9573174,0.000000000,0.7508385,0.062880663,0.001295762,0.5940612,0.5075935,0.4727241,0.8716416,0.4253097,0.63979270,0.70360232,0.84339104,0.7331929,0.6356216,0.75026494,0.759510111,0, 9,"b","654-302151__0_",  4.621963,  5.598717,  6.233777,  6.214190,  6.853986,  7.936131,126.000000
"25437","/media/microp/DavidDD/bioacustica/2017/302151/20170202/13654-302151__0__20170213_095000.wav",0.8984063,0.4410040,0.3204320,0.7513925,0.036809816,0.6974140,0.136127269,0.001095598,0.4769896,0.7457364,0.5156283,0.8379034,0.5272678,0.67085317,0.66593224,0.69058193,0.7897760,0.7544296,0.28479546,0.135129575,0, 9,"b","654-302151__0_",  4.882226,  5.697945,  6.329770,  6.276585,  6.884494,  7.961917,127.000000
"25438","/media/microp/DavidDD/bioacustica/2017/302151/20170202/13654-302151__0__20170213_100000.wav",0.8979119,0.4794924,0.3043340,0.7058426,0.000000000,0.6674132,0.140725913,0.007147320,0.4523205,0.7301031,0.5280599,0.7610570,0.4534900,0.47514645,0.60666878,0.68871372,0.6762961,0.5185603,0.32187468,0.392233775,0,10,"b","654-302151__0_",  5.001167,  5.765223,  6.397886,  6.356721,  6.923598,  7.995093,128.000000
"25439","/media/microp/DavidDD/bioacustica/2017/302151/20170202/13654-302151__0__20170213_101000.wav",0.8996663,0.4269634,0.2985691,0.7363291,0.027607362,0.6955329,0.094473156,0.005799042,0.4923344,0.7217433,0.5232669,0.7151645,0.7640504,0.69721240,0.57227648,0.70378665,0.7830036,0.6727952,0.25558775,0.089276907,0,10,"b","654-302151__0_",  4.907566,  5.702301,  6.334367,  6.281990,  6.884494,  7.961917,129.000000
"25440","/media/microp/DavidDD/bioacustica/2017/302151/20170202/13654-302151__0__20170213_102000.wav",0.9049905,0.4238482,0.2991720,0.8101512,0.000000000,0.7229189,0.101096216,0.007754081,0.5042451,0.6832582,0.5096822,0.8243672,0.6880982,0.76695467,0.77593216,0.80085376,0.6957223,0.7561600,0.46290535,0.354638804,0,10,"b","654-302151__0_",  4.825032,  5.682525,  6.309975,  6.268319,  6.864234,  7.961917,130.000000
"25441","/media/microp/DavidDD/bioacustica/2017/302151/20170202/13654-302151__0__20170213_103000.wav",0.8976358,0.4800337,0.2966077,0.7528518,0.027607362,0.6667200,0.139269069,0.001055316,0.4819618,0.7546484,0.5277475,0.8901106,0.6397907,0.58683513,0.77790006,0.79124333,0.4455920,0.6224982,0.38156568,0.200159569,0,10,"b","654-302151__0_",  4.773257,  5.642775,  6.270203,  6.229560,  6.848887,  7.927435,131.000000
"25442","/media/microp/DavidDD/bioacustica/2017/302151/20170202/13654-302151__0__20170213_105000.wav",0.8925150,0.4731084,0.2931858,0.5777163,0.030674847,0.6830886,0.125803003,0.013704637,0.4421641,0.7689263,0.5393033,0.6367156,0.3659469,0.33206683,0.53671507,0.67695959,0.7006469,0.6783323,0.48089259,0.235073012,0,10,"b","654-302151__0_",  4.992194,  5.764770,  6.393234,  6.342065,  6.922897,  7.995093,132.000000
"25443","/media/microp/DavidDD/bioacustica/2017/302151/20170202/13654-302151__0__20170213_110000.wav",0.8900208,0.6548836,0.3446045,0.5267235,0.319018405,0.6596936,0.351663620,0.001501475,0.4363294,0.8844251,0.5601341,0.8069212,0.7617174,0.71100617,0.69745495,0.64357943,0.7206062,0.6801751,0.46260123,0.353852434,0,11,"b","654-302151__0_",  4.746635,  5.683514,  6.299376,  6.274408,  6.880981,  7.974865,133.000000
"25444","/media/microp/DavidDD/bioacustica/2017/302151/20170202/13654-302151__0__20170213_112000.wav",0.8877776,0.6454584,0.3355939,0.7736270,0.782208589,0.6389311,0.173766800,0.007088863,0.4170614,0.8999780,0.5698710,0.8496227,0.3351165,0.14229965,0.03096118,0.25844809,0.3439056,0.8204970,0.68853290,0.503620885,0,11,"b","654-302151__0_",  4.321442,  5.223969,  5.880104,  5.876565,  6.512380,  7.501536,134.000000
"25445","/media/microp/DavidDD/bioacustica/2017/302151/20170202/13654-302151__0__20170213_113000.wav",0.9137531,0.4198780,0.2523486,0.9689314,0.000000000,0.7302557,0.053908240,0.002552600,0.6035051,0.5225382,0.4366646,0.9006954,0.5124966,0.46709122,0.51345960,0.77026062,0.7217814,0.5500958,0.21985109,0.180082485,0,11,"b","654-302151__0_",  4.895158,  5.697945,  6.326373,  6.273727,  6.875364,  7.953668,135.000000
"25446","/media/microp/DavidDD/bioacustica/2017/302151/20170202/13654-302151__0__20170213_114000.wav",0.9039794,0.5921093,0.2503051,0.9256520,0.000000000,0.6358618,0.101960327,0.011332500,0.5515480,0.6221062,0.4760859,0.8413211,0.4143663,0.28669746,0.22711805,0.30479328,0.3945870,0.4849935,0.37124649,0.328663213,0,11,"b","654-302151__0_",  4.907566,  5.702301,  6.333296,  6.276585,  6.880981,  7.961917,136.000000
"25447","/media/microp/DavidDD/bioacustica/2017/302151/20170202/13654-302151__0__20170213_115000.wav",0.8941949,0.5705923,0.2385322,0.7871623,0.147239264,0.5814639,0.133245841,0.008479748,0.4820102,0.6391701,0.5243827,0.7123378,0.6253576,0.36702464,0.35352255,0.44857596,0.4577100,0.5455745,0.22938647,0.095339694,0,11,"b","654-302151__0_",  4.907566,  5.702301,  6.333262,  6.276585,  6.880981,  7.961917,137.000000
"25448","/media/microp/DavidDD/bioacustica/2017/302151/20170202/13654-302151__0__20170213_120000.wav",0.8860393,0.8357193,0.3513456,0.5802364,0.687116564,0.5864866,0.475396605,0.013794600,0.4308601,0.9134336,0.5513395,0.7085013,0.3530315,0.49383670,0.46636877,0.45643898,0.3622005,0.5403404,0.58605657,0.561686969,0,12,"b","654-302151__0_",  4.377590,  5.212226,  5.851312,  5.847189,  6.471405,  7.454957,138.000000
"25449","/media/microp/DavidDD/bioacustica/2017/302151/20170202/13654-302151__0__20170213_121000.wav",0.8871727,0.9186282,0.3821000,0.4741915,0.539877301,0.6352789,0.456549603,0.000645928,0.4231811,0.9481750,0.5700061,0.9226938,0.5286270,0.53557447,0.73954421,0.75755262,0.4874498,0.7218193,0.80441818,0.865520099,0,12,"b","654-302151__0_",  4.274382,  5.234750,  5.966823,  5.950139,  6.658853,  7.729983,139.000000
"25450","/media/microp/DavidDD/bioacustica/2017/302151/20170202/13654-302151__0__20170213_122000.wav",0.8768243,0.6694540,0.3132924,0.6671745,1.000000000,0.5315053,0.446607854,0.029276741,0.4214873,0.8582542,0.5579370,0.7589910,0.4573956,0.41654782,0.36381988,0.40208049,0.2671555,0.4521996,0.42212831,0.340497817,0,12,"b","654-302151__0_",  4.302840,  5.137185,  5.785691,  5.794205,  6.398967,  7.318596,140.000000
"25451","/media/microp/DavidDD/bioacustica/2017/302151/20170202/13654-302151__0__20170213_123000.wav",0.9028559,0.4079418,0.2494347,0.9426212,0.000000000,0.6432936,0.078078319,0.004538666,0.5545468,0.5919300,0.3572384,0.7843582,0.4525055,0.35794849,0.40506933,0.28452686,0.3040088,0.3306701,0.09126248,0.022669130,0,12,"b","654-302151__0_",  4.825032,  5.656432,  6.304229,  6.250646,  6.869669,  7.961917,141.000000
"25452","/media/microp/DavidDD/bioacustica/2017/302151/20170202/13654-302151__0__20170213_124000.wav",0.8980167,0.7226999,0.2544695,0.9084315,0.015337423,0.5673071,0.157033653,0.019390434,0.5306338,0.6724063,0.4952115,0.7982956,0.4333656,0.32654585,0.18780378,0.22452124,0.3721788,0.4142997,0.15576639,0.081641287,0,12,"b","654-302151__0_",  4.895158,  5.700504,  6.332900,  6.281990,  6.884494,  7.961917,142.000000
"25453","/media/microp/DavidDD/bioacustica/2017/302151/20170202/13654-302151__0__20170213_125000.wav",0.8856462,0.6682726,0.2740965,0.7594989,0.202453988,0.5415171,0.209108298,0.008713661,0.4601336,0.8169696,0.5316534,0.7714735,0.3787937,0.27166888,0.25634103,0.30104197,0.3862216,0.4395198,0.33421535,0.184162954,0,12,"b","654-302151__0_",  4.895158,  5.700504,  6.332192,  6.281990,  6.884494,  7.961917,143.000000
"25454","/media/microp/DavidDD/bioacustica/2017/302151/20170202/13654-302151__0__20170213_130000.wav",0.8909171,0.8309945,0.3586288,0.6883543,0.101226994,0.6455538,0.451680066,0.003471687,0.4458276,0.9233560,0.5577548,0.9158475,0.7482182,0.52198117,0.65313333,0.79454914,0.5021453,0.1690302,0.18753770,0.434182521,0,13,"b","654-302151__0_",  4.671822,  5.577165,  6.222932,  6.220567,  6.847956,  7.953668,144.000000
"25455","/media/microp/DavidDD/bioacustica/2017/302151/20170202/13654-302151__0__20170213_131000.wav",0.8911052,0.8963465,0.3942121,0.5470790,0.073619632,0.6750692,0.558985258,0.000218727,0.4502742,0.9519545,0.5723655,0.9211957,0.7865927,0.78467280,0.83621253,0.90620498,0.8660417,0.7809137,0.90258037,0.768682395,0,13,"b","654-302151__0_",  4.462504,  5.479096,  6.135722,  6.107551,  6.789433,  7.872142,145.000000
"25456","/media/microp/DavidDD/bioacustica/2017/302151/20170202/13654-302151__0__20170213_132000.wav",0.8865112,0.8243768,0.3712550,0.5534007,0.000000000,0.6382650,0.208542344,0.004036754,0.4226192,0.9231440,0.5793652,0.8490282,0.5893522,0.68969704,0.69513673,0.66747212,0.7092785,0.7116161,0.70618235,0.707022738,0,13,"b","654-302151__0_",  4.507177,  5.528591,  6.177438,  6.188461,  6.819478,  7.830372,146.000000
"25457","/media/microp/DavidDD/bioacustica/2017/302151/20170202/13654-302151__0__20170213_133000.wav",0.8886648,0.6710092,0.2849528,0.5673686,0.012269939,0.6423312,0.120699301,0.013302215,0.3941475,0.7439317,0.5396537,0.5195195,0.4955335,0.48957086,0.49424636,0.48997490,0.4911660,0.5526652,0.51307205,0.460976496,0,13,"b","654-302151__0_",  4.972286,  5.759167,  6.379975,  6.334161,  6.915498,  7.987604,147.000000
"25458","/media/microp/DavidDD/bioacustica/2017/302151/20170202/13654-302151__0__20170213_134000.wav",0.8941745,0.4339944,0.2684400,0.7212652,0.000000000,0.6592240,0.099951992,0.016126894,0.4504582,0.6837850,0.5294005,0.6968159,0.6873158,0.65183248,0.56277989,0.58707793,0.6050905,0.6268570,0.32641359,0.181477262,0,13,"b","654-302151__0_",  4.907566,  5.703928,  6.335922,  6.286194,  6.890187,  7.961917,148.000000
"25459","/media/microp/DavidDD/bioacustica/2017/302151/20170202/13654-302151__0__20170213_135000.wav",0.8869044,0.5051427,0.2748509,0.5263937,0.000000000,0.6102446,0.020216842,0.078103881,0.3612370,0.7117304,0.5673893,0.6511278,0.6815838,0.67578489,0.56124387,0.60101026,0.6178647,0.3985825,0.21876047,0.118663590,0,13,"b","654-302151__0_",  4.895158,  5.688010,  6.313408,  6.259056,  6.865551,  7.936131,149.000000
"25460","/media/microp/DavidDD/bioacustica/2017/302151/20170202/13654-302151__0__20170213_140000.wav",0.8938896,0.6661561,0.3202315,0.6046265,0.000000000,0.6744865,0.149449429,0.012072171,0.4213787,0.7968748,0.5437969,0.7678358,0.7796416,0.78179158,0.74776112,0.70865731,0.7134311,0.6690850,0.42460319,0.476936938,0,14,"b","654-302151__0_",  4.823703,  5.712957,  6.321513,  6.287086,  6.888348,  7.974865,150.000000
"25461","/media/microp/DavidDD/bioacustica/2017/302151/20170202/13654-302151__0__20170213_141000.wav",0.8963515,0.4631203,0.2938433,0.7129973,0.000000000,0.6886308,0.155190085,0.007379303,0.4598809,0.7542976,0.5445167,0.7181157,0.7026774,0.68433634,0.64026603,0.66881264,0.7183646,0.6688508,0.32861270,0.243672251,0,14,"b","654-302151__0_",  4.907566,  5.702301,  6.334367,  6.281990,  6.884494,  7.961917,151.000000
"25462","/media/microp/DavidDD/bioacustica/2017/302151/20170202/13654-302151__0__20170213_142000.wav",0.8877531,0.8306244,0.3730790,0.4909122,0.006134969,0.6533214,0.151084242,0.003750046,0.4231869,0.9153153,0.5767600,0.8214338,0.8623918,0.84530975,0.84189287,0.81023472,0.7105787,0.8046015,0.68943349,0.566340852,0,14,"b","654-302151__0_",  4.448341,  5.476764,  6.118701,  6.106298,  6.795084,  7.734537,152.000000
"25463","/media/microp/DavidDD/bioacustica/2017/302151/20170202/13654-302151__0__20170213_143000.wav",0.8904585,0.8829372,0.3546446,0.5868431,0.015337423,0.6541267,0.305460501,0.004061708,0.4401283,0.8740027,0.5573334,0.8302049,0.8120062,0.71443345,0.76970243,0.73725003,0.6923052,0.8068555,0.72935355,0.626446374,0,14,"b","654-302151__0_",  4.507177,  5.524591,  6.172054,  6.179805,  6.815509,  7.830372,153.000000
"25464","/media/microp/DavidDD/bioacustica/2017/302151/20170202/13654-302151__0__20170213_144000.wav",0.8891506,0.8914627,0.3782041,0.2452003,0.000000000,0.6752544,0.039945154,0.005228418,0.3778421,0.9034329,0.5642200,0.6746854,0.8438996,0.79215682,0.46154280,0.44100799,0.2965856,0.6710272,0.83492860,0.814845943,0,14,"b","654-302151__0_",  4.424120,  5.444624,  6.120145,  6.118305,  6.809870,  7.839725,154.000000
"25465","/media/microp/DavidDD/bioacustica/2017/302151/20170202/13654-302151__0__20170213_145000.wav",0.8910821,0.8767375,0.3324737,0.4042619,0.000000000,0.6747516,0.065776478,0.009129065,0.3836046,0.8179174,0.5560938,0.6061477,0.6893521,0.68643981,0.69905430,0.69398545,0.7108960,0.4809664,0.73694010,0.622237032,0,14,"b","654-302151__0_",  4.559566,  5.556881,  6.203744,  6.195308,  6.842599,  7.878258,155.000000
"25466","/media/microp/DavidDD/bioacustica/2017/302151/20170202/13654-302151__0__20170213_150000.wav",0.8817156,0.8906683,0.3151217,0.7105990,0.880368098,0.6425822,0.061926513,0.029131279,0.3915193,0.7835604,0.5551031,0.6230912,0.7588918,0.69072917,0.69698550,0.68854304,0.6860823,0.6465478,0.48398069,0.741417586,0,15,"b","654-302151__0_",  4.336984,  5.206030,  5.848825,  5.854340,  6.482611,  7.392842,156.000000
"25467","/media/microp/DavidDD/bioacustica/2017/302151/20170202/13654-302151__0__20170213_160000.wav",0.8704459,0.5873952,0.3444756,0.7996139,1.000000000,0.4909197,0.194227528,0.365553172,0.3466321,0.6880772,0.5448122,0.8460827,0.7703059,0.73317816,0.71752807,0.67174115,0.6762417,0.6981166,0.74266898,0.812253163,0,16,"b","654-302151__0_",  4.351147,  5.206030,  5.867150,  5.875016,  6.514714,  7.481195,157.000000
"25468","/media/microp/DavidDD/bioacustica/2017/302151/20170202/13654-302151__0__20170213_162000.wav",0.8767745,0.9373450,0.4067238,0.8172235,1.000000000,0.5547344,0.266089621,0.063221411,0.3678778,0.8093466,0.5692378,0.8314341,0.7042830,0.62384831,0.62065763,0.49242009,0.5499295,0.7259791,0.69289106,0.916263973,0,16,"b","654-302151__0_",  4.379856,  5.215635,  5.865705,  5.862112,  6.496766,  7.438211,158.000000
"25469","/media/microp/DavidDD/bioacustica/2017/302151/20170202/13654-302151__0__20170213_164000.wav",0.8828379,0.9400920,0.4188499,0.8905400,0.957055215,0.5938767,0.238163509,0.080579293,0.3738755,0.8112071,0.5808104,0.8276652,0.4683918,0.55444985,0.54663302,0.51798674,0.6702032,0.6141951,0.74653229,0.909125008,0,16,"b","654-302151__0_",  4.379856,  5.215635,  5.866225,  5.864624,  6.496766,  7.438211,159.000000
"25470","/media/microp/DavidDD/bioacustica/2017/302151/20170202/13654-302151__0__20170213_165000.wav",0.8849734,0.9198384,0.4313558,0.9425398,0.251533742,0.6054160,0.196487112,0.016993947,0.3788898,0.7999257,0.5845587,0.8861649,0.7170950,0.60640904,0.59882000,0.49208363,0.7804171,0.8450958,0.86086808,0.938204449,0,16,"b","654-302151__0_",  4.438490,  5.433221,  6.015304,  5.976231,  6.574721,  7.614928,160.000000
"25471","/media/microp/DavidDD/bioacustica/2017/302151/20170202/13654-302151__0__20170213_170000.wav",0.8848544,0.9506498,0.4194556,0.9208475,0.407975460,0.6034292,0.094259535,0.040961767,0.3693644,0.7503510,0.6080073,0.8757433,0.2443464,0.33640479,0.51557352,0.30650171,0.7721885,0.7955779,0.82848981,0.913090833,0,17,"b","654-302151__0_",  4.154010,  5.236104,  5.845759,  5.878901,  6.494701,  7.511381,161.000000
"25472","/media/microp/DavidDD/bioacustica/2017/302151/20170202/13654-302151__0__20170213_171000.wav",0.8857542,0.9397921,0.4296464,0.9692957,0.220858896,0.6173283,0.129730832,0.016522823,0.3848834,0.7493372,0.5830479,0.8343757,0.5415060,0.50113835,0.54434366,0.41724965,0.7903995,0.8177761,0.75089184,0.938974308,0,17,"b","654-302151__0_",  4.274382,  5.257972,  5.834951,  5.864789,  6.422686,  7.370460,162.000000
"25473","/media/microp/DavidDD/bioacustica/2017/302151/20170202/13654-302151__0__20170213_172000.wav",0.8865061,0.9604623,0.4289314,0.9661519,0.196319018,0.6214777,0.117583384,0.016812772,0.3820591,0.7427896,0.5862906,0.8681715,0.5134137,0.56914837,0.57567875,0.43478959,0.7546410,0.8107248,0.80372803,0.931551874,0,17,"b","654-302151__0_",  4.322548,  5.272697,  5.850983,  5.876565,  6.440298,  7.375400,163.000000
"25474","/media/microp/DavidDD/bioacustica/2017/302151/20170202/13654-302151__0__20170213_173000.wav",0.8867561,0.9518850,0.4300570,0.9806473,0.171779141,0.6313843,0.089128635,0.023445858,0.3879849,0.7140317,0.5670332,0.8135341,0.6853149,0.63658612,0.53415280,0.31867619,0.7341257,0.8216585,0.81863374,0.927584320,0,17,"b","654-302151__0_",  4.322548,  5.286139,  5.861208,  5.877856,  6.441724,  7.384088,164.000000
"25475","/media/microp/DavidDD/bioacustica/2017/302151/20170202/13654-302151__0__20170213_174000.wav",0.8867261,0.9246477,0.4310015,0.9815664,0.159509202,0.6284126,0.102652817,0.034031525,0.3891056,0.7051192,0.5735521,0.8338047,0.6880517,0.68770019,0.56764110,0.52696618,0.8392955,0.8139444,0.89995637,0.885414383,0,17,"b","654-302151__0_",  4.711059,  5.537423,  6.150354,  6.078827,  6.695492,  7.878460,165.000000
"25476","/media/microp/DavidDD/bioacustica/2017/302151/20170202/13654-302151__0__20170213_175000.wav",0.8899169,0.9526382,0.4233944,0.9921602,0.076687117,0.6286074,0.027766515,0.009164424,0.3923173,0.6379165,0.5528438,0.8586303,0.6028652,0.66858940,0.60598472,0.56172464,0.7465596,0.7931497,0.82055304,0.926787661,0,17,"b","654-302151__0_",  4.909534,  5.672083,  6.281621,  6.189549,  6.791872,  7.952131,166.000000
"25477","/media/microp/DavidDD/bioacustica/2017/302151/20170202/13654-302151__0__20170213_180000.wav",0.8895142,0.9516581,0.4212444,0.9917998,0.092024540,0.6303492,0.042884845,0.009344773,0.3920830,0.6192839,0.5497345,0.8740031,0.6704647,0.61052513,0.57625908,0.67927549,0.7623434,0.7992742,0.83355542,0.922943188,0,18,"b","654-302151__0_",  4.939455,  5.677061,  6.285183,  6.190397,  6.801250,  7.952131,167.000000
"25478","/media/microp/DavidDD/bioacustica/2017/302151/20170202/13654-302151__0__20170213_181000.wav",0.8891090,0.9662015,0.4210583,0.9709276,0.131901840,0.6344981,0.110961855,0.020068028,0.3868815,0.6974920,0.5360778,0.8438413,0.6474062,0.58281230,0.55875423,0.53980328,0.7939156,0.7525874,0.82292086,0.907751009,0,18,"b","654-302151__0_",  4.677671,  5.518266,  6.115472,  6.049055,  6.647398,  7.805623,168.000000
"25479","/media/microp/DavidDD/bioacustica/2017/302151/20170202/13654-302151__0__20170213_182000.wav",0.8928390,0.9580093,0.4319512,0.9800040,0.006134969,0.6583601,0.079556204,0.009297620,0.3974264,0.6723448,0.6010809,0.8143926,0.8335822,0.81080289,0.67819138,0.79326765,0.6776323,0.8685001,0.86092610,0.947021280,0,18,"b","654-302151__0_",  4.766183,  5.621340,  6.226509,  6.146292,  6.779175,  7.978109,169.000000
"25480","/media/microp/DavidDD/bioacustica/2017/302151/20170202/13654-302151__0__20170213_183000.wav",0.8952792,0.8128577,0.5003876,0.9685952,0.079754601,0.6387695,0.063953727,0.022661872,0.3943884,0.6296989,0.6393501,0.7130354,0.4971033,0.63477356,0.56016522,0.54143857,0.6395964,0.8427899,0.86004897,0.922473568,0,18,"b","654-302151__0_",  4.258179,  5.218684,  5.960494,  5.958918,  6.653334,  7.827868,170.000000
"25481","/media/microp/DavidDD/bioacustica/2017/302151/20170202/13654-302151__0__20170213_184000.wav",0.8945808,0.9435682,0.4509290,0.9771453,0.055214724,0.6324520,0.025883801,0.020666453,0.3630780,0.5141402,0.4999227,0.6684439,0.4696633,0.48417299,0.38602501,0.74901102,0.7778451,0.8192121,0.82697156,0.928921523,0,18,"b","654-302151__0_",  4.474164,  5.367998,  6.019525,  5.965586,  6.626082,  7.828041,171.000000
"25482","/media/microp/DavidDD/bioacustica/2017/302151/20170202/13654-302151__0__20170213_185000.wav",0.8947935,0.9195525,0.5631961,0.9933380,0.000000000,0.6106523,0.019273193,0.017007266,0.3769563,0.4644411,0.7391508,0.7121129,0.5305039,0.66386770,0.57738547,0.64181900,0.7398895,0.7732975,0.86155108,0.914116152,0,18,"b","654-302151__0_",  3.545672,  4.102483,  4.726215,  4.580406,  5.199829,  6.494605,172.000000
"25483","/media/microp/DavidDD/bioacustica/2017/302151/20170202/13654-302151__0__20170213_190000.wav",0.8963486,0.9529872,0.5621759,0.9994864,0.000000000,0.6159593,0.006572195,0.014197920,0.3917804,0.3776822,0.5300167,0.8902580,0.7395496,0.66365374,0.62846118,0.71898150,0.7618317,0.8172336,0.87174750,0.914122178,0,19,"b","654-302151__0_",  3.754425,  4.427280,  5.080064,  4.941717,  5.649314,  6.817995,173.000000
"25484","/media/microp/DavidDD/bioacustica/2017/302151/20170202/13654-302151__0__20170213_191000.wav",0.8942157,0.9165475,0.5875620,0.9992703,0.000000000,0.6076107,0.010432177,0.005558643,0.3932921,0.3966374,0.9430288,0.8308474,0.7566419,0.64457645,0.65335643,0.77475138,0.7523373,0.7677771,0.88674808,0.944930129,0,19,"b","654-302151__0_",  3.730288,  4.440310,  5.211060,  5.057079,  5.917235,  7.203825,174.000000
"25485","/media/microp/DavidDD/bioacustica/2017/302151/20170202/13654-302151__0__20170213_192000.wav",0.8960570,0.9558277,0.6116868,0.9991556,0.000000000,0.6231263,0.006848223,0.017268095,0.3821803,0.3475102,0.6289627,0.7821567,0.6556222,0.65340677,0.75416815,0.76664059,0.8004443,0.6820538,0.84791254,0.936039892,0,19,"b","654-302151__0_",  3.774321,  4.487864,  5.192301,  5.055911,  5.825019,  7.081985,175.000000
"25486","/media/microp/DavidDD/bioacustica/2017/302151/20170202/13654-302151__0__20170213_193000.wav",0.8949134,0.9654062,0.6492323,0.9988984,0.000000000,0.6275117,0.005378543,0.017687405,0.3801440,0.3610647,0.5561865,0.8137383,0.6567260,0.70926585,0.72263022,0.81575953,0.7272747,0.8182031,0.80098296,0.936847467,0,19,"b","654-302151__0_",  3.744136,  4.428552,  5.064970,  4.916732,  5.616613,  6.776360,176.000000
"25487","/media/microp/DavidDD/bioacustica/2017/302151/20170202/13654-302151__0__20170213_194000.wav",0.8938848,0.9658795,0.7173596,0.9984995,0.006134969,0.6123587,0.008071796,0.029929022,0.3837179,0.3548974,0.3686980,0.7161388,0.4553761,0.51887563,0.65386625,0.72221400,0.7341553,0.8365753,0.80732484,0.927784794,0,19,"b","654-302151__0_",  3.699886,  4.279556,  4.960708,  4.800385,  5.502782,  6.685739,177.000000
"25488","/media/microp/DavidDD/bioacustica/2017/302151/20170202/13654-302151__0__20170213_195000.wav",0.8954051,0.9605617,0.6947042,0.9993880,0.006134969,0.6231711,0.004441054,0.006253746,0.3874260,0.3194587,0.9983665,0.7337655,0.4533094,0.60162675,0.77500770,0.81609640,0.7610817,0.8432766,0.83181903,0.951813570,0,19,"b","654-302151__0_",  3.716052,  4.366619,  5.067488,  4.942502,  5.717381,  6.755983,178.000000
"25489","/media/microp/DavidDD/bioacustica/2017/302151/20170202/13654-302151__0__20170213_200000.wav",0.8952608,0.9532864,0.7313005,0.9993051,0.000000000,0.6140671,0.004813964,0.006424768,0.3848986,0.3279650,0.9567724,0.7311058,0.5976239,0.65280764,0.80686404,0.80169211,0.7618750,0.8852235,0.84755196,0.939170949,0,20,"b","654-302151__0_",  3.716052,  4.365840,  5.060150,  4.937355,  5.695285,  6.753455,179.000000
"25490","/media/microp/DavidDD/bioacustica/2017/302151/20170202/13654-302151__0__20170213_201000.wav",0.8963337,0.9687189,0.6577391,0.9987511,0.000000000,0.6100239,0.005823568,0.007165169,0.3778167,0.3360776,0.9339906,0.7013549,0.5745814,0.65633464,0.76289730,0.80404942,0.7374799,0.8471007,0.82746899,0.960988937,0,20,"b","654-302151__0_",  3.710615,  4.365840,  5.061805,  4.937355,  5.695936,  6.755441,180.000000
"25491","/media/microp/DavidDD/bioacustica/2017/302151/20170202/13654-302151__0__20170213_202000.wav",0.8960572,0.9139574,0.6597354,0.9993487,0.006134969,0.6092872,0.006410353,0.006190233,0.3852046,0.3555365,0.8985229,0.7776149,0.5818383,0.71855566,0.80136239,0.77409054,0.7254938,0.7931357,0.81761473,0.880277430,0,20,"b","654-302151__0_",  3.729699,  4.365096,  5.063994,  4.929109,  5.695028,  6.755441,181.000000
"25492","/media/microp/DavidDD/bioacustica/2017/302151/20170202/13654-302151__0__20170213_203000.wav",0.8960116,0.9651339,0.6384619,0.9990952,0.003067485,0.6124792,0.005600465,0.010166402,0.3817263,0.3481293,0.5509090,0.7309303,0.5764808,0.67707954,0.80348766,0.80689387,0.7266044,0.8519476,0.81163308,0.934998272,0,20,"b","654-302151__0_",  3.744136,  4.431215,  5.083491,  4.923893,  5.649701,  6.844810,182.000000
"25493","/media/microp/DavidDD/bioacustica/2017/302151/20170202/13654-302151__0__20170213_204000.wav",0.8970828,0.9530312,0.6032649,0.9988975,0.003067485,0.6094692,0.005634231,0.004991544,0.3825770,0.3489542,0.9313376,0.7034657,0.5210810,0.64677743,0.79981940,0.78412806,0.7956652,0.8694730,0.81916316,0.916708272,0,20,"b","654-302151__0_",  3.716052,  4.365840,  5.062306,  4.937355,  5.695028,  6.753455,183.000000
"25494","/media/microp/DavidDD/bioacustica/2017/302151/20170202/13654-302151__0__20170213_205000.wav",0.8946550,0.9438798,0.6539451,0.9992111,0.024539877,0.6200714,0.006646120,0.016957431,0.3830443,0.3893335,0.5943548,0.7969567,0.5877608,0.70428264,0.77343629,0.78430587,0.7790292,0.8146318,0.82135206,0.917847611,0,20,"b","654-302151__0_",  3.744136,  4.428552,  5.072619,  4.923893,  5.626956,  6.795608,184.000000
"25495","/media/microp/DavidDD/bioacustica/2017/302151/20170202/13654-302151__0__20170213_210000.wav",0.8964677,0.9507245,0.6782087,0.9993929,0.012269939,0.6242194,0.005505605,0.008279339,0.3817172,0.3755604,0.5721574,0.8785350,0.7361890,0.73103654,0.76418079,0.73697466,0.7337704,0.8020383,0.83655879,0.944363144,0,21,"b","654-302151__0_",  3.754425,  4.428552,  5.057680,  4.911764,  5.600042,  6.729133,185.000000
"25496","/media/microp/DavidDD/bioacustica/2017/302151/20170202/13654-302151__0__20170213_213000.wav",0.8946148,0.9475441,0.7212388,0.9990936,0.046012270,0.6189478,0.007042673,0.005794039,0.3801653,0.4008159,0.6583214,0.8000898,0.6081700,0.68144803,0.69211101,0.77140680,0.7943062,0.8482123,0.85343185,0.957258337,0,21,"b","654-302151__0_",  3.697943,  4.365840,  4.999252,  4.853434,  5.549063,  6.685011,186.000000
"25497","/media/microp/DavidDD/bioacustica/2017/302151/20170202/13654-302151__0__20170213_215000.wav",0.8939497,0.9570167,0.7398431,0.9991566,0.024539877,0.6056295,0.005689037,0.013149343,0.3804930,0.3996190,0.3629700,0.7988607,0.5814282,0.66090096,0.73629802,0.74505067,0.7085446,0.8601951,0.83935917,0.941813265,0,21,"b","654-302151__0_",  3.699886,  4.309978,  5.006495,  4.831061,  5.553527,  6.908466,187.000000
"25498","/media/microp/DavidDD/bioacustica/2017/302151/20170202/13654-302151__0__20170213_222000.wav",0.8927904,0.9418457,0.7284941,0.9992092,0.030674847,0.6078276,0.006269420,0.015329346,0.3820960,0.4286112,0.5530933,0.8657987,0.6508310,0.65843679,0.65529903,0.77323511,0.7273045,0.8794190,0.82721359,0.956732034,0,22,"b","654-302151__0_",  3.702589,  4.377660,  5.011532,  4.869568,  5.561769,  6.685011,188.000000
"25499","/media/microp/DavidDD/bioacustica/2017/302151/20170202/13654-302151__0__20170213_223000.wav",0.8937339,0.9593361,0.6787867,0.9991212,0.036809816,0.6216620,0.006925111,0.022573533,0.3807215,0.4378248,0.5279137,0.8796149,0.7160062,0.63748342,0.66821863,0.76880259,0.7180644,0.8709521,0.84006108,0.933744713,0,22,"b","654-302151__0_",  3.754425,  4.411984,  5.040755,  4.894538,  5.582457,  6.690342,189.000000
"25500","/media/microp/DavidDD/bioacustica/2017/302151/20170202/13654-302151__0__20170213_225000.wav",0.8918276,0.9175023,0.6900052,0.9984548,0.027607362,0.6022251,0.007387186,0.009326773,0.3779688,0.4697151,0.7228969,0.8683628,0.5363544,0.74612637,0.69201054,0.73927970,0.7334521,0.8014793,0.89579512,0.957140804,0,22,"b","654-302151__0_",  3.539705,  4.047783,  4.542664,  4.508527,  4.955971,  5.727534,190.000000
"25501","/media/microp/DavidDD/bioacustica/2017/302151/20170202/13654-302151__0__20170213_231000.wav",0.8898351,0.9249032,0.6700060,0.9987982,0.033742331,0.6040990,0.007267412,0.025129934,0.3833381,0.4945206,0.7421602,0.8499064,0.5658531,0.57693503,0.69555295,0.71255006,0.7507574,0.7354184,0.84555595,0.921128125,0,23,"b","654-302151__0_",  3.526326,  4.043218,  4.524063,  4.479728,  4.935102,  5.645254,191.000000
"25502","/media/microp/DavidDD/bioacustica/2017/302151/20170202/13654-302151__0__20170213_232000.wav",0.8920582,0.9677428,0.6694224,0.9984985,0.027607362,0.6036247,0.008574181,0.008803602,0.3761396,0.4824922,0.7523584,0.8120546,0.5749514,0.63242341,0.63754400,0.67578437,0.7484233,0.8076170,0.88512260,0.952401193,0,23,"b","654-302151__0_",  3.522948,  4.041865,  4.503513,  4.470548,  4.915293,  5.577418,192.000000
"25503","/media/microp/DavidDD/bioacustica/2017/302151/20170202/13654-302151__0__20170213_233000.wav",0.8908111,0.9182845,0.6601986,0.9977503,0.058282209,0.6056029,0.015622113,0.141178677,0.3771913,0.5126650,0.7453293,0.8490755,0.5067554,0.28103723,0.58530558,0.70590712,0.8048885,0.8313879,0.85694515,0.913163262,0,23,"b","654-302151__0_",  3.723689,  4.321522,  5.152228,  4.956442,  5.853181,  7.223152,193.000000
"25504","/media/microp/DavidDD/bioacustica/2017/302151/20170202/13654-302151__0__20170213_235000.wav",0.8911863,0.9427818,0.6457704,0.9970153,0.067484663,0.6000805,0.017328995,0.024991003,0.3753843,0.5341112,0.8596923,0.8327236,0.5315841,0.72277646,0.72762713,0.69175876,0.7896428,0.7693350,0.86311449,0.934852647,0,23,"b","654-302151__0_",  3.522948,  4.042576,  4.513194,  4.477603,  4.920298,  5.596401,194.000000
"25505","/media/microp/DavidDD/bioacustica/2017/302151/20170202/13654-302151__0__20170214_000000.wav",0.8908317,0.9622178,0.6544115,0.9946343,0.079754601,0.6076095,0.018861902,0.073531327,0.3765104,0.5663020,0.8293790,0.8311028,0.6779430,0.66277380,0.66869117,0.65172466,0.7668512,0.7924458,0.85525218,0.912051781,0, 0,"b","654-302151__0_",  3.526326,  4.042187,  4.520051,  4.480579,  4.929257,  5.629311,195.000000
"25506","/media/microp/DavidDD/bioacustica/2017/302151/20170202/13654-302151__0__20170214_001000.wav",0.8909005,0.9275992,0.6628514,0.9969606,0.067484663,0.5960822,0.018756043,0.035821946,0.3811665,0.5738941,0.7732394,0.8469708,0.5864346,0.64439154,0.55867769,0.66037584,0.7718031,0.7903029,0.83530150,0.866333626,0, 0,"b","654-302151__0_",  3.522948,  4.040657,  4.499936,  4.467900,  4.914563,  5.573557,196.000000
"25507","/media/microp/DavidDD/bioacustica/2017/302151/20170202/13654-302151__0__20170214_002000.wav",0.8931536,0.9594534,0.7051778,0.9972740,0.052147239,0.6077627,0.016722253,0.022759920,0.3800775,0.5649328,0.3212070,0.8719241,0.6400560,0.56422156,0.66103049,0.69096143,0.7764819,0.7984848,0.86846844,0.928438822,0, 0,"b","654-302151__0_",  3.522948,  4.040657,  4.501378,  4.470548,  4.915293,  5.573557,197.000000
"25508","/media/microp/DavidDD/bioacustica/2017/302151/20170202/13654-302151__0__20170214_003000.wav",0.8904238,0.9045867,0.7549832,0.9971985,0.027607362,0.6097831,0.018395349,0.006740719,0.3764553,0.5453832,0.3367545,0.8534771,0.6525919,0.74095353,0.69967655,0.68354401,0.7845127,0.8165211,0.87172209,0.933913953,0, 0,"b","654-302151__0_",  3.563471,  4.077124,  4.564509,  4.515965,  4.979804,  5.761630,198.000000
"25509","/media/microp/DavidDD/bioacustica/2017/302151/20170202/13654-302151__0__20170214_004000.wav",0.8900276,0.9334382,0.7659230,0.9968653,0.030674847,0.6043576,0.019969102,0.137391923,0.3798256,0.5679703,0.3025378,0.8620829,0.5763044,0.63539689,0.70254547,0.69587648,0.8092220,0.7932402,0.86516838,0.917182247,0, 0,"b","654-302151__0_",  3.526326,  4.051505,  4.544784,  4.495152,  4.956449,  5.689856,199.000000
"25510","/media/microp/DavidDD/bioacustica/2017/302151/20170202/13654-302151__0__20170214_005000.wav",0.8884605,0.9643131,0.7428238,0.9943168,0.067484663,0.6025584,0.025524750,0.034171057,0.3761506,0.6107375,0.3525182,0.8536855,0.6587010,0.61377510,0.69693932,0.65905041,0.7919529,0.7707479,0.91171443,0.933429445,0, 0,"b","654-302151__0_",  3.522948,  4.040657,  4.499936,  4.467900,  4.914563,  5.573557,200.000000
"25511","/media/microp/DavidDD/bioacustica/2017/302151/20170202/13654-302151__0__20170214_010000.wav",0.8887050,0.9743489,0.7283413,0.9946010,0.049079755,0.6066337,0.025836037,0.043579749,0.3738261,0.5940211,0.7150965,0.8260281,0.6564561,0.65724280,0.67630641,0.68530335,0.7870671,0.7918669,0.84520745,0.918392565,0, 1,"b","654-302151__0_",  3.522948,  4.040657,  4.499936,  4.467900,  4.914563,  5.573557,201.000000
"25512","/media/microp/DavidDD/bioacustica/2017/302151/20170202/13654-302151__0__20170214_012000.wav",0.8906405,0.9722263,0.7530447,0.9958151,0.030674847,0.6094263,0.020787958,0.026245544,0.3776417,0.5950162,0.4082417,0.8553103,0.5939505,0.59281604,0.65581605,0.67086802,0.7948988,0.7852370,0.88930004,0.936975181,0, 1,"b","654-302151__0_",  3.522948,  4.040657,  4.506304,  4.473222,  4.916489,  5.595747,202.000000
"25513","/media/microp/DavidDD/bioacustica/2017/302151/20170202/13654-302151__0__20170214_013000.wav",0.8903355,0.9786330,0.7256700,0.9940369,0.076687117,0.6158746,0.030542327,0.040750551,0.3720703,0.6026508,0.5397534,0.8561148,0.7100529,0.72594317,0.62345366,0.66554564,0.7879944,0.8072809,0.89965129,0.902355040,0, 1,"b","654-302151__0_",  3.522948,  4.036894,  4.503948,  4.467900,  4.914563,  5.595747,203.000000
"25514","/media/microp/DavidDD/bioacustica/2017/302151/20170202/13654-302151__0__20170214_014000.wav",0.8893629,0.9709713,0.6732050,0.9951126,0.039877301,0.6129352,0.023895936,0.045561807,0.3735223,0.5961305,0.5355055,0.8658516,0.7287490,0.73819407,0.65273484,0.61199642,0.7874325,0.8062582,0.84608827,0.909319323,0, 1,"b","654-302151__0_",  3.505877,  4.036226,  4.512745,  4.476016,  4.926077,  5.652712,204.000000
"25515","/media/microp/DavidDD/bioacustica/2017/302151/20170202/13654-302151__0__20170214_015000.wav",0.8872949,0.9579522,0.6740765,0.9926073,0.070552147,0.6049517,0.023991028,0.062921401,0.3665255,0.6198111,0.3197224,0.8499739,0.7004642,0.64502658,0.56411102,0.58156930,0.7722812,0.8249589,0.88406806,0.901108307,0, 1,"b","654-302151__0_",  3.545672,  4.063170,  4.557982,  4.510783,  4.964566,  5.758678,205.000000
"25516","/media/microp/DavidDD/bioacustica/2017/302151/20170202/13654-302151__0__20170214_020000.wav",0.8904964,0.9642106,0.6617664,0.9956690,0.024539877,0.6109217,0.019137795,0.004051444,0.3711967,0.5892681,0.2781203,0.8485752,0.6549467,0.64681756,0.55500816,0.68992334,0.7999453,0.8064436,0.88183520,0.938893318,0, 2,"b","654-302151__0_",  3.539705,  4.047783,  4.544469,  4.489098,  4.956565,  5.738052,206.000000
"25517","/media/microp/DavidDD/bioacustica/2017/302151/20170202/13654-302151__0__20170214_021000.wav",0.8867051,0.9384589,0.6303904,0.9881651,0.082822086,0.5950153,0.036432458,0.054170091,0.3617100,0.6349112,0.3484320,0.8192048,0.5020767,0.51063083,0.52368161,0.44618979,0.7438129,0.6135525,0.79022171,0.883468681,0, 2,"b","654-302151__0_",  3.716052,  4.326020,  5.192063,  5.017309,  5.875964,  7.235872,207.000000
"25518","/media/microp/DavidDD/bioacustica/2017/302151/20170202/13654-302151__0__20170214_022000.wav",0.8890585,0.9731651,0.6601035,0.9931765,0.058282209,0.6047428,0.027687229,0.016313779,0.3757959,0.6592255,0.3524261,0.8835959,0.7009010,0.69436186,0.62507331,0.63394571,0.7553812,0.7851176,0.90707316,0.940678219,0, 2,"b","654-302151__0_",  3.526326,  4.042187,  4.505963,  4.473222,  4.915538,  5.582939,208.000000
"25519","/media/microp/DavidDD/bioacustica/2017/302151/20170202/13654-302151__0__20170214_024000.wav",0.8874361,0.9788719,0.6131940,0.9920771,0.082822086,0.6140107,0.027971706,0.017843005,0.3655813,0.6460299,0.4562875,0.8799854,0.6550660,0.63139295,0.68675910,0.69346780,0.7441722,0.8013066,0.88222349,0.927006109,0, 2,"b","654-302151__0_",  3.522948,  4.040657,  4.504287,  4.470548,  4.915538,  5.582939,209.000000
"25520","/media/microp/DavidDD/bioacustica/2017/302151/20170202/13654-302151__0__20170214_025000.wav",0.8887246,0.9670152,0.7003788,0.9912121,0.070552147,0.6192073,0.036947081,0.015112116,0.3692971,0.6775170,0.5953371,0.8313858,0.5148191,0.62351369,0.60150984,0.74868707,0.7640425,0.8180608,0.86414214,0.896234465,0, 2,"b","654-302151__0_",  3.572305,  4.145598,  4.784847,  4.608712,  5.260790,  6.676081,210.000000
"25521","/media/microp/DavidDD/bioacustica/2017/302151/20170202/13654-302151__0__20170214_031000.wav",0.8871896,0.9719470,0.6020817,0.9840753,0.141104294,0.5992007,0.036366941,0.044413335,0.3570851,0.6493293,0.5914938,0.8380472,0.2588346,0.37078402,0.64498043,0.59456350,0.7825730,0.7674552,0.90563548,0.960861120,0, 3,"b","654-302151__0_",  3.816443,  4.622026,  5.501303,  5.456407,  6.281762,  7.379950,211.000000
"25522","/media/microp/DavidDD/bioacustica/2017/302151/20170202/13654-302151__0__20170214_033000.wav",0.8864275,0.9618965,0.4793478,0.9932556,0.042944785,0.6016441,0.019105870,0.026308557,0.3537603,0.6235158,0.5088892,0.8337634,0.3441876,0.37313262,0.48198164,0.55602293,0.7480946,0.7416123,0.83637930,0.922984783,0, 3,"b","654-302151__0_",  4.258775,  5.234127,  5.926577,  5.917202,  6.565391,  7.763087,212.000000
"25523","/media/microp/DavidDD/bioacustica/2017/302151/20170202/13654-302151__0__20170214_034000.wav",0.8856014,0.7294860,0.4226209,0.9931535,0.027607362,0.5903856,0.019806648,0.025348630,0.3553899,0.6258561,0.5326917,0.8482505,0.5155693,0.38448023,0.55361818,0.57023879,0.7167800,0.8236066,0.88157204,0.952886631,0, 3,"b","654-302151__0_",  4.622731,  5.459379,  6.095197,  6.033531,  6.653098,  7.852056,213.000000
"25524","/media/microp/DavidDD/bioacustica/2017/302151/20170202/13654-302151__0__20170214_040000.wav",0.8859023,0.9691187,0.4285782,0.9834457,0.116564417,0.6037674,0.028511472,0.017478365,0.3536374,0.6832306,0.5427552,0.8645267,0.6929517,0.70789010,0.57657859,0.59324082,0.7242702,0.7500508,0.84360768,0.953878728,0, 4,"b","654-302151__0_",  4.909534,  5.672083,  6.281235,  6.188792,  6.789980,  7.952131,214.000000
"25525","/media/microp/DavidDD/bioacustica/2017/302151/20170202/13654-302151__0__20170214_041000.wav",0.8854937,0.9282490,0.4371119,0.9839933,0.088957055,0.6053759,0.032685237,0.027928872,0.3556106,0.6947820,0.5433227,0.8367931,0.6996897,0.61448993,0.50981089,0.59370681,0.7075375,0.7364876,0.82009226,0.918566132,0, 4,"b","654-302151__0_",  4.876115,  5.659326,  6.248065,  6.172799,  6.762071,  7.929579,215.000000
"25526","/media/microp/DavidDD/bioacustica/2017/302151/20170202/13654-302151__0__20170214_042000.wav",0.8862104,0.9550063,0.4291400,0.9905647,0.000000000,0.6158545,0.022279004,0.032085044,0.3521408,0.6672157,0.5809337,0.8322756,0.6901331,0.65453241,0.46792979,0.61776123,0.6914993,0.6644162,0.81901387,0.940562860,0, 4,"b","654-302151__0_",  4.760679,  5.611351,  6.203161,  6.126719,  6.728058,  7.903234,216.000000
"25527","/media/microp/DavidDD/bioacustica/2017/302151/20170202/13654-302151__0__20170214_043000.wav",0.8868281,0.7192907,0.4261116,0.9884111,0.000000000,0.6056360,0.025375354,0.019216912,0.3497205,0.6701043,0.4814749,0.8258476,0.5920730,0.56157798,0.54627311,0.64917508,0.7420587,0.7730912,0.85654981,0.932956227,0, 4,"b","654-302151__0_",  4.633754,  5.462294,  6.099060,  6.034797,  6.654282,  7.840951,217.000000
"25528","/media/microp/DavidDD/bioacustica/2017/302151/20170202/13654-302151__0__20170214_044000.wav",0.8849117,0.6596714,0.4204376,0.9814600,0.003067485,0.6030093,0.032950637,0.069207276,0.3478106,0.7042836,0.5265108,0.8277484,0.6373044,0.42790463,0.60122867,0.63936345,0.7730016,0.7451274,0.86403301,0.900050149,0, 4,"b","654-302151__0_",  4.626441,  5.459379,  6.093343,  6.028995,  6.647398,  7.840951,218.000000
"25529","/media/microp/DavidDD/bioacustica/2017/302151/20170202/13654-302151__0__20170214_045000.wav",0.8817427,0.5117494,0.4743061,0.9737200,0.085889571,0.5682908,0.089346755,0.039773004,0.3678575,0.7217698,0.4798103,0.7972576,0.6906356,0.52137969,0.56142216,0.64721363,0.7463986,0.7385124,0.83915378,0.809183119,0, 4,"b","654-302151__0_",  4.584447,  5.452314,  6.085675,  6.033531,  6.655285,  7.836058,219.000000
"25530","/media/microp/DavidDD/bioacustica/2017/302151/20170202/13654-302151__0__20170214_050000.wav",0.8861028,0.9533036,0.4294487,0.9631580,0.073619632,0.6207442,0.071794704,0.014989540,0.3482036,0.7183703,0.5439272,0.8504328,0.6327870,0.66849466,0.59566872,0.68122817,0.7331263,0.8023764,0.87701405,0.949388581,0, 5,"b","654-302151__0_",  4.927007,  5.674661,  6.284324,  6.190668,  6.794332,  7.952131,220.000000
"25531","/media/microp/DavidDD/bioacustica/2017/302151/20170202/13654-302151__0__20170214_051000.wav",0.8877086,0.5702925,0.4033895,0.9396477,0.165644172,0.6137853,0.073767385,0.011466559,0.3437246,0.7363285,0.5932354,0.7310066,0.2763312,0.24597677,0.59639079,0.75234787,0.7653221,0.7971123,0.87249677,0.930519902,0, 5,"b","654-302151__0_",  4.348422,  5.307860,  5.971709,  5.944134,  6.604712,  7.807335,221.000000
"25532","/media/microp/DavidDD/bioacustica/2017/302151/20170202/13654-302151__0__20170214_054000.wav",0.8835208,0.9264049,0.4167329,0.8526689,0.969325153,0.6001651,0.156727059,0.075895616,0.3427002,0.7582961,0.4969756,0.7485409,0.3582354,0.39864579,0.50328173,0.58732025,0.5408224,0.6495627,0.75661855,0.919463129,0, 5,"b","654-302151__0_",  4.379856,  5.215635,  5.866225,  5.864624,  6.496766,  7.438211,222.000000
"25533","/media/microp/DavidDD/bioacustica/2017/302151/20170202/13654-302151__0__20170214_055000.wav",0.8851993,0.9368627,0.4258060,0.8352387,0.208588957,0.5994832,0.119648049,0.037920514,0.3417414,0.7721674,0.5998880,0.5667427,0.4173953,0.56220740,0.58645037,0.56023736,0.7213025,0.6863339,0.80959131,0.940395547,0, 5,"b","654-302151__0_",  4.320861,  5.211820,  5.883779,  5.900101,  6.531906,  7.564017,223.000000
"25534","/media/microp/DavidDD/bioacustica/2017/302151/20170202/13654-302151__0__20170214_060000.wav",0.8854182,0.9512324,0.4288446,0.7285224,0.319018405,0.6110435,0.108108840,0.014709483,0.3225319,0.7836005,0.6248040,0.7795055,0.5150197,0.47695356,0.51767611,0.61417222,0.5490712,0.7450397,0.87594737,0.881157221,0, 6,"b","654-302151__0_",  4.379856,  5.215635,  5.870344,  5.872961,  6.503872,  7.454957,224.000000
"25535","/media/microp/DavidDD/bioacustica/2017/302151/20170202/13654-302151__0__20170214_061000.wav",0.8860083,0.9309664,0.4267145,0.8255984,0.539877301,0.6066360,0.137251879,0.014826685,0.3316490,0.7909717,0.6095354,0.8047206,0.6817084,0.47826751,0.49913565,0.50794210,0.6070556,0.7714964,0.86441166,0.919636400,0, 6,"b","654-302151__0_",  4.348421,  5.212083,  5.864629,  5.874047,  6.501852,  7.438211,225.000000
"25536","/media/microp/DavidDD/bioacustica/2017/302151/20170202/13654-302151__0__20170214_062000.wav",0.8843486,0.9218152,0.4424814,0.8019616,0.806748466,0.5961671,0.168203727,0.752768203,0.3324633,0.8079358,0.5686347,0.5218502,0.3587655,0.42472689,0.47914073,0.53563024,0.4521551,0.5411855,0.65309159,0.659816150,0, 6,"b","654-302151__0_",  4.388430,  5.226706,  5.883634,  5.860484,  6.528206,  7.492557,226.000000
"25537","/media/microp/DavidDD/bioacustica/2017/302151/20170202/13654-302151__0__20170214_063000.wav",0.8832645,0.9624709,0.4314939,0.8197831,0.754601227,0.5911878,0.165915446,0.012510282,0.3344543,0.8107370,0.5705617,0.7951781,0.6281412,0.49117729,0.51446448,0.50192943,0.6256311,0.7132503,0.83428895,0.941721163,0, 6,"b","654-302151__0_",  4.379856,  5.215635,  5.866225,  5.864624,  6.496766,  7.438211,227.000000
"25538","/media/microp/DavidDD/bioacustica/2017/302151/20170202/13654-302151__0__20170214_064000.wav",0.7190902,0.9354921,0.4253310,0.7487928,0.816638073,0.5810490,0.162375885,0.168854610,0.3330772,0.8171012,0.6331349,0.7910249,0.5409930,0.53022264,0.38328073,0.17868152,0.3835643,0.5172166,0.80043726,0.912540319,0, 6,"b","654-302151__0_",  4.373436,  5.226706,  5.879366,  5.875016,  6.512380,  7.454957,228.000000
